#-----------------------------------------------------------
# Vivado v2025.1 (64-bit)
# SW Build 6140274 on Wed May 21 22:58:25 MDT 2025
# IP Build 6138677 on Thu May 22 03:10:11 MDT 2025
# SharedData Build 6139179 on Tue May 20 17:58:58 MDT 2025
# Start of session at: Wed Feb  4 18:58:07 2026
# Process ID         : 5541
# Current directory  : /home/gary/Individual_Project/scripts
# Command line       : vivado
# Log file           : /home/gary/Individual_Project/scripts/vivado.log
# Journal file       : /home/gary/Individual_Project/scripts/vivado.jou
# Running On         : gary-IdeaPad-Slim-5-Light-14ABR8
# Platform           : Ubuntu
# Operating System   : Ubuntu 24.04.3 LTS
# Processor Detail   : AMD Ryzen 7 7730U with Radeon Graphics
# CPU Frequency      : 3572.268 MHz
# CPU Physical cores : 8
# CPU Logical cores  : 16
# Host memory        : 14481 MB
# Swap memory        : 4294 MB
# Total Virtual      : 18776 MB
# Available Virtual  : 15683 MB
#-----------------------------------------------------------
start_gui
WARNING: [Board 49-26] cannot add Board Part tul.com.tw:pynq-z2:part0:1.0 available at /home/gary/.Xilinx/Vivado/2025.1/xhub/board_store/xilinx_board_store/XilinxBoardStore/Vivado/2025.1/boards/TUL/pynq-z2/A.0/1.0/board.xml as part xc7z020clg400-1 specified in board_part file is either invalid or not available
WARNING: [Board 49-26] cannot add Board Part xilinx.com:emb-plus-vpr-4616:part0:1.0 available at /tools/Xilinx/2025.1/data/xhub/boards/XilinxBoardStore/boards/Xilinx/emb-plus-vpr-4616/1.0/board.xml as part xcve2302-sfva784-2mp-e-s specified in board_part file is either invalid or not available
WARNING: [Board 49-26] cannot add Board Part xilinx.com:emb-plus-vpr-4616:part0:1.1 available at /tools/Xilinx/2025.1/data/xhub/boards/XilinxBoardStore/boards/Xilinx/emb-plus-vpr-4616/1.1/board.xml as part xcve2302-sfva784-2mp-e-s specified in board_part file is either invalid or not available
WARNING: [Board 49-26] cannot add Board Part xilinx.com:k24c:part0:1.0 available at /tools/Xilinx/2025.1/data/xhub/boards/XilinxBoardStore/boards/Xilinx/k24c/1.0/board.xml as part xck24-ubva530-2lv-c specified in board_part file is either invalid or not available
WARNING: [Board 49-26] cannot add Board Part xilinx.com:k24c:part0:1.1 available at /tools/Xilinx/2025.1/data/xhub/boards/XilinxBoardStore/boards/Xilinx/k24c/1.1/board.xml as part xck24-ubva530-2lv-c specified in board_part file is either invalid or not available
WARNING: [Board 49-26] cannot add Board Part xilinx.com:k24i:part0:1.0 available at /tools/Xilinx/2025.1/data/xhub/boards/XilinxBoardStore/boards/Xilinx/k24i/1.0/board.xml as part xck24-ubva530-2lvi-i specified in board_part file is either invalid or not available
WARNING: [Board 49-26] cannot add Board Part xilinx.com:k26c:part0:1.2 available at /tools/Xilinx/2025.1/data/xhub/boards/XilinxBoardStore/boards/Xilinx/k26c/1.2/board.xml as part xck26-sfvc784-2lv-c specified in board_part file is either invalid or not available
WARNING: [Board 49-26] cannot add Board Part xilinx.com:k26c:part0:1.3 available at /tools/Xilinx/2025.1/data/xhub/boards/XilinxBoardStore/boards/Xilinx/k26c/1.3/board.xml as part xck26-sfvc784-2lv-c specified in board_part file is either invalid or not available
WARNING: [Board 49-26] cannot add Board Part xilinx.com:k26c:part0:1.4 available at /tools/Xilinx/2025.1/data/xhub/boards/XilinxBoardStore/boards/Xilinx/k26c/1.4/board.xml as part xck26-sfvc784-2lv-c specified in board_part file is either invalid or not available
WARNING: [Board 49-26] cannot add Board Part xilinx.com:k26i:part0:1.2 available at /tools/Xilinx/2025.1/data/xhub/boards/XilinxBoardStore/boards/Xilinx/k26i/1.2/board.xml as part xck26-sfvc784-2lvi-i specified in board_part file is either invalid or not available
WARNING: [Board 49-26] cannot add Board Part xilinx.com:k26i:part0:1.3 available at /tools/Xilinx/2025.1/data/xhub/boards/XilinxBoardStore/boards/Xilinx/k26i/1.3/board.xml as part xck26-sfvc784-2lvi-i specified in board_part file is either invalid or not available
WARNING: [Board 49-26] cannot add Board Part xilinx.com:k26i:part0:1.4 available at /tools/Xilinx/2025.1/data/xhub/boards/XilinxBoardStore/boards/Xilinx/k26i/1.4/board.xml as part xck26-sfvc784-2lvi-i specified in board_part file is either invalid or not available
WARNING: [Board 49-26] cannot add Board Part xilinx.com:kcu105:part0:1.6 available at /tools/Xilinx/2025.1/data/xhub/boards/XilinxBoardStore/boards/Xilinx/kcu105/1.6/board.xml as part xcku040-ffva1156-2-e specified in board_part file is either invalid or not available
WARNING: [Board 49-26] cannot add Board Part xilinx.com:kcu105:part0:1.7 available at /tools/Xilinx/2025.1/data/xhub/boards/XilinxBoardStore/boards/Xilinx/kcu105/1.7/board.xml as part xcku040-ffva1156-2-e specified in board_part file is either invalid or not available
WARNING: [Board 49-26] cannot add Board Part xilinx.com:kcu116:part0:1.4 available at /tools/Xilinx/2025.1/data/xhub/boards/XilinxBoardStore/boards/Xilinx/kcu116/1.4/board.xml as part xcku5p-ffvb676-2-e specified in board_part file is either invalid or not available
WARNING: [Board 49-26] cannot add Board Part xilinx.com:kcu116:part0:1.5 available at /tools/Xilinx/2025.1/data/xhub/boards/XilinxBoardStore/boards/Xilinx/kcu116/1.5/board.xml as part xcku5p-ffvb676-2-e specified in board_part file is either invalid or not available
WARNING: [Board 49-26] cannot add Board Part xilinx.com:kcu1500:part0:1.2 available at /tools/Xilinx/2025.1/data/xhub/boards/XilinxBoardStore/boards/Xilinx/kcu1500/1.2/board.xml as part xcku115-flvb2104-2-e specified in board_part file is either invalid or not available
WARNING: [Board 49-26] cannot add Board Part xilinx.com:kd240_som:part0:1.0 available at /tools/Xilinx/2025.1/data/xhub/boards/XilinxBoardStore/boards/Xilinx/kd240_som/1.0/board.xml as part xck24-ubva530-2lv-c specified in board_part file is either invalid or not available
WARNING: [Board 49-26] cannot add Board Part xilinx.com:kd240_som:part0:1.1 available at /tools/Xilinx/2025.1/data/xhub/boards/XilinxBoardStore/boards/Xilinx/kd240_som/1.1/board.xml as part xck24-ubva530-2lv-c specified in board_part file is either invalid or not available
WARNING: [Board 49-26] cannot add Board Part xilinx.com:kr260_som:part0:1.0 available at /tools/Xilinx/2025.1/data/xhub/boards/XilinxBoardStore/boards/Xilinx/kr260_som/1.0/board.xml as part xck26-sfvc784-2lv-c specified in board_part file is either invalid or not available
WARNING: [Board 49-26] cannot add Board Part xilinx.com:kr260_som:part0:1.1 available at /tools/Xilinx/2025.1/data/xhub/boards/XilinxBoardStore/boards/Xilinx/kr260_som/1.1/board.xml as part xck26-sfvc784-2lv-c specified in board_part file is either invalid or not available
WARNING: [Board 49-26] cannot add Board Part xilinx.com:kv260_som:part0:1.2 available at /tools/Xilinx/2025.1/data/xhub/boards/XilinxBoardStore/boards/Xilinx/kv260_som/1.2/board.xml as part xck26-sfvc784-2lv-c specified in board_part file is either invalid or not available
WARNING: [Board 49-26] cannot add Board Part xilinx.com:kv260_som:part0:1.3 available at /tools/Xilinx/2025.1/data/xhub/boards/XilinxBoardStore/boards/Xilinx/kv260_som/1.3/board.xml as part xck26-sfvc784-2lv-c specified in board_part file is either invalid or not available
WARNING: [Board 49-26] cannot add Board Part xilinx.com:kv260_som:part0:1.4 available at /tools/Xilinx/2025.1/data/xhub/boards/XilinxBoardStore/boards/Xilinx/kv260_som/1.4/board.xml as part xck26-sfvc784-2lv-c specified in board_part file is either invalid or not available
WARNING: [Board 49-26] cannot add Board Part xilinx.com:scu35:part0:1.0 available at /tools/Xilinx/2025.1/data/xhub/boards/XilinxBoardStore/boards/Xilinx/scu35/1.0/board.xml as part xcsu35p-sbvb625-2-e specified in board_part file is either invalid or not available
WARNING: [Board 49-26] cannot add Board Part xilinx.com:v80:part0:1.0 available at /tools/Xilinx/2025.1/data/xhub/boards/XilinxBoardStore/boards/Xilinx/v80/1.0/board.xml as part xcv80-lsva4737-2mhp-e-s specified in board_part file is either invalid or not available
WARNING: [Board 49-26] cannot add Board Part xilinx.com:vck190:part0:2.2 available at /tools/Xilinx/2025.1/data/xhub/boards/XilinxBoardStore/boards/Xilinx/vck190/production/2.2/board.xml as part xcvc1902-vsva2197-2mp-e-s specified in board_part file is either invalid or not available
WARNING: [Board 49-26] cannot add Board Part xilinx.com:vck190:part0:3.0 available at /tools/Xilinx/2025.1/data/xhub/boards/XilinxBoardStore/boards/Xilinx/vck190/production/3.0/board.xml as part xcvc1902-vsva2197-2mp-e-s specified in board_part file is either invalid or not available
WARNING: [Board 49-26] cannot add Board Part xilinx.com:vck190:part0:3.1 available at /tools/Xilinx/2025.1/data/xhub/boards/XilinxBoardStore/boards/Xilinx/vck190/production/3.1/board.xml as part xcvc1902-vsva2197-2mp-e-s specified in board_part file is either invalid or not available
WARNING: [Board 49-26] cannot add Board Part xilinx.com:vck190:part0:3.2 available at /tools/Xilinx/2025.1/data/xhub/boards/XilinxBoardStore/boards/Xilinx/vck190/production/3.2/board.xml as part xcvc1902-vsva2197-2mp-e-s specified in board_part file is either invalid or not available
WARNING: [Board 49-26] cannot add Board Part xilinx.com:vck190:part0:3.3 available at /tools/Xilinx/2025.1/data/xhub/boards/XilinxBoardStore/boards/Xilinx/vck190/production/3.3/board.xml as part xcvc1902-vsva2197-2mp-e-s specified in board_part file is either invalid or not available
WARNING: [Board 49-26] cannot add Board Part xilinx.com:vck190:part0:3.4 available at /tools/Xilinx/2025.1/data/xhub/boards/XilinxBoardStore/boards/Xilinx/vck190/production/3.4/board.xml as part xcvc1902-vsva2197-2mp-e-s specified in board_part file is either invalid or not available
WARNING: [Board 49-26] cannot add Board Part xilinx.com:vck190_newl:part0:1.0 available at /tools/Xilinx/2025.1/data/xhub/boards/XilinxBoardStore/boards/Xilinx/vck190_newl/production/1.0/board.xml as part xcvc1902-vsva2197-2mp-e-s specified in board_part file is either invalid or not available
WARNING: [Board 49-26] cannot add Board Part xilinx.com:vck190_newl:part0:1.1 available at /tools/Xilinx/2025.1/data/xhub/boards/XilinxBoardStore/boards/Xilinx/vck190_newl/production/1.1/board.xml as part xcvc1902-vsva2197-2mp-e-s specified in board_part file is either invalid or not available
WARNING: [Board 49-26] cannot add Board Part xilinx.com:vck190_newl:part0:1.2 available at /tools/Xilinx/2025.1/data/xhub/boards/XilinxBoardStore/boards/Xilinx/vck190_newl/production/1.2/board.xml as part xcvc1902-vsva2197-2mp-e-s specified in board_part file is either invalid or not available
WARNING: [Board 49-26] cannot add Board Part xilinx.com:vck190_newl:part0:1.3 available at /tools/Xilinx/2025.1/data/xhub/boards/XilinxBoardStore/boards/Xilinx/vck190_newl/production/1.3/board.xml as part xcvc1902-vsva2197-2mp-e-s specified in board_part file is either invalid or not available
WARNING: [Board 49-26] cannot add Board Part xilinx.com:vcu108:part0:1.6 available at /tools/Xilinx/2025.1/data/xhub/boards/XilinxBoardStore/boards/Xilinx/vcu108/1.6/board.xml as part xcvu095-ffva2104-2-e specified in board_part file is either invalid or not available
WARNING: [Board 49-26] cannot add Board Part xilinx.com:vcu108:part0:1.7 available at /tools/Xilinx/2025.1/data/xhub/boards/XilinxBoardStore/boards/Xilinx/vcu108/1.7/board.xml as part xcvu095-ffva2104-2-e specified in board_part file is either invalid or not available
WARNING: [Board 49-26] cannot add Board Part xilinx.com:vcu110:part0:1.4 available at /tools/Xilinx/2025.1/data/xhub/boards/XilinxBoardStore/boards/Xilinx/vcu110/1.4/board.xml as part xcvu190-flgc2104-2-e specified in board_part file is either invalid or not available
WARNING: [Board 49-26] cannot add Board Part xilinx.com:vcu118:part0:2.0 available at /tools/Xilinx/2025.1/data/xhub/boards/XilinxBoardStore/boards/Xilinx/vcu118/2.0/board.xml as part xcvu9p-flga2104-2l-e specified in board_part file is either invalid or not available
WARNING: [Board 49-26] cannot add Board Part xilinx.com:vcu118:part0:2.3 available at /tools/Xilinx/2025.1/data/xhub/boards/XilinxBoardStore/boards/Xilinx/vcu118/2.3/board.xml as part xcvu9p-flga2104-2l-e specified in board_part file is either invalid or not available
WARNING: [Board 49-26] cannot add Board Part xilinx.com:vcu118:part0:2.4 available at /tools/Xilinx/2025.1/data/xhub/boards/XilinxBoardStore/boards/Xilinx/vcu118/2.4/board.xml as part xcvu9p-flga2104-2l-e specified in board_part file is either invalid or not available
WARNING: [Board 49-26] cannot add Board Part xilinx.com:vcu128:part0:1.0 available at /tools/Xilinx/2025.1/data/xhub/boards/XilinxBoardStore/boards/Xilinx/vcu128/production/1.0/board.xml as part xcvu37p-fsvh2892-2l-e specified in board_part file is either invalid or not available
WARNING: [Board 49-26] cannot add Board Part xilinx.com:vcu129:part0:1.0 available at /tools/Xilinx/2025.1/data/xhub/boards/XilinxBoardStore/boards/Xilinx/vcu129/production/1.0/board.xml as part xcvu29p-fsga2577-2l-e specified in board_part file is either invalid or not available
WARNING: [Board 49-26] cannot add Board Part xilinx.com:vcu1525:part0:1.3 available at /tools/Xilinx/2025.1/data/xhub/boards/XilinxBoardStore/boards/Xilinx/vcu1525/1.3/board.xml as part xcvu9p-fsgd2104-2l-e specified in board_part file is either invalid or not available
WARNING: [Board 49-26] cannot add Board Part xilinx.com:vek280:part0:1.0 available at /tools/Xilinx/2025.1/data/xhub/boards/XilinxBoardStore/boards/Xilinx/vek280/production/1.0/board.xml as part xcve2802-vsvh1760-2mp-e-s specified in board_part file is either invalid or not available
WARNING: [Board 49-26] cannot add Board Part xilinx.com:vek280:part0:1.1 available at /tools/Xilinx/2025.1/data/xhub/boards/XilinxBoardStore/boards/Xilinx/vek280/production/1.1/board.xml as part xcve2802-vsvh1760-2mp-e-s specified in board_part file is either invalid or not available
WARNING: [Board 49-26] cannot add Board Part xilinx.com:vek280:part0:1.2 available at /tools/Xilinx/2025.1/data/xhub/boards/XilinxBoardStore/boards/Xilinx/vek280/production/1.2/board.xml as part xcve2802-vsvh1760-2mp-e-s specified in board_part file is either invalid or not available
WARNING: [Board 49-26] cannot add Board Part xilinx.com:vek385:part0:1.0 available at /tools/Xilinx/2025.1/data/xhub/boards/XilinxBoardStore/boards/Xilinx/vek385/1.0/board.xml as part xc2ve3858-ssva2112-2mp-e-s specified in board_part file is either invalid or not available
WARNING: [Board 49-26] cannot add Board Part xilinx.com:vermeo_t1_mpsoc:part0:1.0 available at /tools/Xilinx/2025.1/data/xhub/boards/XilinxBoardStore/boards/Xilinx/vermeo_t1_mpsoc/1.0/board.xml as part xczu19eg-ffvd1760-2l-e specified in board_part file is either invalid or not available
WARNING: [Board 49-26] cannot add Board Part xilinx.com:vermeo_t1_rfsoc:part0:1.0 available at /tools/Xilinx/2025.1/data/xhub/boards/XilinxBoardStore/boards/Xilinx/vermeo_t1_rfsoc/1.0/board.xml as part xczu21dr-ffvd1156-2l-e specified in board_part file is either invalid or not available
WARNING: [Board 49-26] cannot add Board Part xilinx.com:vhk158:part0:1.0 available at /tools/Xilinx/2025.1/data/xhub/boards/XilinxBoardStore/boards/Xilinx/vhk158/production/1.0/board.xml as part xcvh1582-vsva3697-2mp-e-s specified in board_part file is either invalid or not available
WARNING: [Board 49-26] cannot add Board Part xilinx.com:vhk158:part0:1.1 available at /tools/Xilinx/2025.1/data/xhub/boards/XilinxBoardStore/boards/Xilinx/vhk158/production/1.1/board.xml as part xcvh1582-vsva3697-2mp-e-s specified in board_part file is either invalid or not available
WARNING: [Board 49-26] cannot add Board Part xilinx.com:vhk158:part0:1.2 available at /tools/Xilinx/2025.1/data/xhub/boards/XilinxBoardStore/boards/Xilinx/vhk158/production/1.2/board.xml as part xcvh1582-vsva3697-2mp-e-s specified in board_part file is either invalid or not available
WARNING: [Board 49-26] cannot add Board Part xilinx.com:vmk180:part0:2.2 available at /tools/Xilinx/2025.1/data/xhub/boards/XilinxBoardStore/boards/Xilinx/vmk180/production/2.2/board.xml as part xcvm1802-vsva2197-2mp-e-s specified in board_part file is either invalid or not available
WARNING: [Board 49-26] cannot add Board Part xilinx.com:vmk180:part0:3.0 available at /tools/Xilinx/2025.1/data/xhub/boards/XilinxBoardStore/boards/Xilinx/vmk180/production/3.0/board.xml as part xcvm1802-vsva2197-2mp-e-s specified in board_part file is either invalid or not available
WARNING: [Board 49-26] cannot add Board Part xilinx.com:vmk180:part0:3.1 available at /tools/Xilinx/2025.1/data/xhub/boards/XilinxBoardStore/boards/Xilinx/vmk180/production/3.1/board.xml as part xcvm1802-vsva2197-2mp-e-s specified in board_part file is either invalid or not available
WARNING: [Board 49-26] cannot add Board Part xilinx.com:vmk180:part0:3.2 available at /tools/Xilinx/2025.1/data/xhub/boards/XilinxBoardStore/boards/Xilinx/vmk180/production/3.2/board.xml as part xcvm1802-vsva2197-2mp-e-s specified in board_part file is either invalid or not available
WARNING: [Board 49-26] cannot add Board Part xilinx.com:vmk180:part0:3.3 available at /tools/Xilinx/2025.1/data/xhub/boards/XilinxBoardStore/boards/Xilinx/vmk180/production/3.3/board.xml as part xcvm1802-vsva2197-2mp-e-s specified in board_part file is either invalid or not available
WARNING: [Board 49-26] cannot add Board Part xilinx.com:vmk180_newl:part0:1.0 available at /tools/Xilinx/2025.1/data/xhub/boards/XilinxBoardStore/boards/Xilinx/vmk180_newl/production/1.0/board.xml as part xcvm1802-vsva2197-2mp-e-s specified in board_part file is either invalid or not available
WARNING: [Board 49-26] cannot add Board Part xilinx.com:vmk180_newl:part0:1.1 available at /tools/Xilinx/2025.1/data/xhub/boards/XilinxBoardStore/boards/Xilinx/vmk180_newl/production/1.1/board.xml as part xcvm1802-vsva2197-2mp-e-s specified in board_part file is either invalid or not available
WARNING: [Board 49-26] cannot add Board Part xilinx.com:vpk120:part0:1.0 available at /tools/Xilinx/2025.1/data/xhub/boards/XilinxBoardStore/boards/Xilinx/vpk120/production/1.0/board.xml as part xcvp1202-vsva2785-2mp-e-s specified in board_part file is either invalid or not available
WARNING: [Board 49-26] cannot add Board Part xilinx.com:vpk120:part0:1.1 available at /tools/Xilinx/2025.1/data/xhub/boards/XilinxBoardStore/boards/Xilinx/vpk120/production/1.1/board.xml as part xcvp1202-vsva2785-2mp-e-s specified in board_part file is either invalid or not available
WARNING: [Board 49-26] cannot add Board Part xilinx.com:vpk120:part0:1.2 available at /tools/Xilinx/2025.1/data/xhub/boards/XilinxBoardStore/boards/Xilinx/vpk120/production/1.2/board.xml as part xcvp1202-vsva2785-2mp-e-s specified in board_part file is either invalid or not available
WARNING: [Board 49-26] cannot add Board Part xilinx.com:vpk180:part0:1.0 available at /tools/Xilinx/2025.1/data/xhub/boards/XilinxBoardStore/boards/Xilinx/vpk180/production/1.0/board.xml as part xcvp1802-lsvc4072-2mp-e-s specified in board_part file is either invalid or not available
WARNING: [Board 49-26] cannot add Board Part xilinx.com:vpk180:part0:1.1 available at /tools/Xilinx/2025.1/data/xhub/boards/XilinxBoardStore/boards/Xilinx/vpk180/production/1.1/board.xml as part xcvp1802-lsvc4072-2mp-e-s specified in board_part file is either invalid or not available
WARNING: [Board 49-26] cannot add Board Part xilinx.com:vpk180:part0:1.2 available at /tools/Xilinx/2025.1/data/xhub/boards/XilinxBoardStore/boards/Xilinx/vpk180/production/1.2/board.xml as part xcvp1802-lsvc4072-2mp-e-s specified in board_part file is either invalid or not available
WARNING: [Board 49-26] cannot add Board Part xilinx.com:zc702:part0:1.4 available at /tools/Xilinx/2025.1/data/xhub/boards/XilinxBoardStore/boards/Xilinx/zc702/1.4/board.xml as part xc7z020clg484-1 specified in board_part file is either invalid or not available
WARNING: [Board 49-26] cannot add Board Part xilinx.com:zc706:part0:1.4 available at /tools/Xilinx/2025.1/data/xhub/boards/XilinxBoardStore/boards/Xilinx/zc706/1.4/board.xml as part xc7z045ffg900-2 specified in board_part file is either invalid or not available
WARNING: [Board 49-26] cannot add Board Part xilinx.com:zcu102:part0:3.3 available at /tools/Xilinx/2025.1/data/xhub/boards/XilinxBoardStore/boards/Xilinx/zcu102/3.3/board.xml as part xczu9eg-ffvb1156-2-e specified in board_part file is either invalid or not available
WARNING: [Board 49-26] cannot add Board Part xilinx.com:zcu102:part0:3.4 available at /tools/Xilinx/2025.1/data/xhub/boards/XilinxBoardStore/boards/Xilinx/zcu102/3.4/board.xml as part xczu9eg-ffvb1156-2-e specified in board_part file is either invalid or not available
WARNING: [Board 49-26] cannot add Board Part xilinx.com:zcu104:part0:1.1 available at /tools/Xilinx/2025.1/data/xhub/boards/XilinxBoardStore/boards/Xilinx/zcu104/1.1/board.xml as part xczu7ev-ffvc1156-2-e specified in board_part file is either invalid or not available
WARNING: [Board 49-26] cannot add Board Part xilinx.com:zcu106:part0:2.4 available at /tools/Xilinx/2025.1/data/xhub/boards/XilinxBoardStore/boards/Xilinx/zcu106/2.4/board.xml as part xczu7ev-ffvc1156-2-e specified in board_part file is either invalid or not available
WARNING: [Board 49-26] cannot add Board Part xilinx.com:zcu106:part0:2.5 available at /tools/Xilinx/2025.1/data/xhub/boards/XilinxBoardStore/boards/Xilinx/zcu106/2.5/board.xml as part xczu7ev-ffvc1156-2-e specified in board_part file is either invalid or not available
WARNING: [Board 49-26] cannot add Board Part xilinx.com:zcu106:part0:2.6 available at /tools/Xilinx/2025.1/data/xhub/boards/XilinxBoardStore/boards/Xilinx/zcu106/2.6/board.xml as part xczu7ev-ffvc1156-2-e specified in board_part file is either invalid or not available
WARNING: [Board 49-26] cannot add Board Part xilinx.com:zcu111:part0:1.2 available at /tools/Xilinx/2025.1/data/xhub/boards/XilinxBoardStore/boards/Xilinx/zcu111/1.2/board.xml as part xczu28dr-ffvg1517-2-e specified in board_part file is either invalid or not available
WARNING: [Board 49-26] cannot add Board Part xilinx.com:zcu111:part0:1.3 available at /tools/Xilinx/2025.1/data/xhub/boards/XilinxBoardStore/boards/Xilinx/zcu111/1.3/board.xml as part xczu28dr-ffvg1517-2-e specified in board_part file is either invalid or not available
WARNING: [Board 49-26] cannot add Board Part xilinx.com:zcu111:part0:1.4 available at /tools/Xilinx/2025.1/data/xhub/boards/XilinxBoardStore/boards/Xilinx/zcu111/1.4/board.xml as part xczu28dr-ffvg1517-2-e specified in board_part file is either invalid or not available
WARNING: [Board 49-26] cannot add Board Part xilinx.com:zcu1275:part0:1.0 available at /tools/Xilinx/2025.1/data/xhub/boards/XilinxBoardStore/boards/Xilinx/zcu1275/1.0/board.xml as part xczu29dr-ffvf1760-2-e specified in board_part file is either invalid or not available
WARNING: [Board 49-26] cannot add Board Part xilinx.com:zcu1285:part0:1.0 available at /tools/Xilinx/2025.1/data/xhub/boards/XilinxBoardStore/boards/Xilinx/zcu1285/1.0/board.xml as part xczu39dr-ffvf1760-2-i specified in board_part file is either invalid or not available
WARNING: [Board 49-26] cannot add Board Part xilinx.com:zcu208:part0:2.0 available at /tools/Xilinx/2025.1/data/xhub/boards/XilinxBoardStore/boards/Xilinx/zcu208/production/2.0/board.xml as part xczu48dr-fsvg1517-2-e specified in board_part file is either invalid or not available
WARNING: [Board 49-26] cannot add Board Part xilinx.com:zcu208ld:part0:2.0 available at /tools/Xilinx/2025.1/data/xhub/boards/XilinxBoardStore/boards/Xilinx/zcu208ld/production/2.0/board.xml as part xczu58dr-fsvg1517-2-i specified in board_part file is either invalid or not available
WARNING: [Board 49-26] cannot add Board Part xilinx.com:zcu216:part0:2.0 available at /tools/Xilinx/2025.1/data/xhub/boards/XilinxBoardStore/boards/Xilinx/zcu216/production/2.0/board.xml as part xczu49dr-ffvf1760-2-e specified in board_part file is either invalid or not available
WARNING: [Board 49-26] cannot add Board Part xilinx.com:zcu216ld:part0:2.0 available at /tools/Xilinx/2025.1/data/xhub/boards/XilinxBoardStore/boards/Xilinx/zcu216ld/production/2.0/board.xml as part xczu59dr-ffvf1760-2-i specified in board_part file is either invalid or not available
WARNING: [Board 49-26] cannot add Board Part xilinx.com:zcu670:part0:2.0 available at /tools/Xilinx/2025.1/data/xhub/boards/XilinxBoardStore/boards/Xilinx/zcu670/2.0/board.xml as part xczu67dr-fsve1156-2-i specified in board_part file is either invalid or not available
WARNING: [Board 49-26] cannot add Board Part xilinx.com:zcu670ld:part0:1.0 available at /tools/Xilinx/2025.1/data/xhub/boards/XilinxBoardStore/boards/Xilinx/zcu670ld/1.0/board.xml as part xczu57dr-fsve1156-2-i specified in board_part file is either invalid or not available
open_project /home/gary/Individual_Project_Vivado/Individual_Project_Vivado.xpr
INFO: [filemgmt 56-3] Default IP Output Path : Could not find the directory '/home/gary/Individual_Project_Vivado/Individual_Project_Vivado.gen/sources_1'.
Scanning sources...
Finished scanning sources
WARNING: [Board 49-26] cannot add Board Part tul.com.tw:pynq-z2:part0:1.0 available at /home/gary/.Xilinx/Vivado/2025.1/xhub/board_store/xilinx_board_store/XilinxBoardStore/Vivado/2025.1/boards/TUL/pynq-z2/A.0/1.0/board.xml as part xc7z020clg400-1 specified in board_part file is either invalid or not available
WARNING: [Board 49-26] cannot add Board Part xilinx.com:emb-plus-vpr-4616:part0:1.0 available at /tools/Xilinx/2025.1/data/xhub/boards/XilinxBoardStore/boards/Xilinx/emb-plus-vpr-4616/1.0/board.xml as part xcve2302-sfva784-2mp-e-s specified in board_part file is either invalid or not available
WARNING: [Board 49-26] cannot add Board Part xilinx.com:emb-plus-vpr-4616:part0:1.1 available at /tools/Xilinx/2025.1/data/xhub/boards/XilinxBoardStore/boards/Xilinx/emb-plus-vpr-4616/1.1/board.xml as part xcve2302-sfva784-2mp-e-s specified in board_part file is either invalid or not available
WARNING: [Board 49-26] cannot add Board Part xilinx.com:k24c:part0:1.0 available at /tools/Xilinx/2025.1/data/xhub/boards/XilinxBoardStore/boards/Xilinx/k24c/1.0/board.xml as part xck24-ubva530-2lv-c specified in board_part file is either invalid or not available
WARNING: [Board 49-26] cannot add Board Part xilinx.com:k24c:part0:1.1 available at /tools/Xilinx/2025.1/data/xhub/boards/XilinxBoardStore/boards/Xilinx/k24c/1.1/board.xml as part xck24-ubva530-2lv-c specified in board_part file is either invalid or not available
WARNING: [Board 49-26] cannot add Board Part xilinx.com:k24i:part0:1.0 available at /tools/Xilinx/2025.1/data/xhub/boards/XilinxBoardStore/boards/Xilinx/k24i/1.0/board.xml as part xck24-ubva530-2lvi-i specified in board_part file is either invalid or not available
WARNING: [Board 49-26] cannot add Board Part xilinx.com:k26c:part0:1.2 available at /tools/Xilinx/2025.1/data/xhub/boards/XilinxBoardStore/boards/Xilinx/k26c/1.2/board.xml as part xck26-sfvc784-2lv-c specified in board_part file is either invalid or not available
WARNING: [Board 49-26] cannot add Board Part xilinx.com:k26c:part0:1.3 available at /tools/Xilinx/2025.1/data/xhub/boards/XilinxBoardStore/boards/Xilinx/k26c/1.3/board.xml as part xck26-sfvc784-2lv-c specified in board_part file is either invalid or not available
WARNING: [Board 49-26] cannot add Board Part xilinx.com:k26c:part0:1.4 available at /tools/Xilinx/2025.1/data/xhub/boards/XilinxBoardStore/boards/Xilinx/k26c/1.4/board.xml as part xck26-sfvc784-2lv-c specified in board_part file is either invalid or not available
WARNING: [Board 49-26] cannot add Board Part xilinx.com:k26i:part0:1.2 available at /tools/Xilinx/2025.1/data/xhub/boards/XilinxBoardStore/boards/Xilinx/k26i/1.2/board.xml as part xck26-sfvc784-2lvi-i specified in board_part file is either invalid or not available
WARNING: [Board 49-26] cannot add Board Part xilinx.com:k26i:part0:1.3 available at /tools/Xilinx/2025.1/data/xhub/boards/XilinxBoardStore/boards/Xilinx/k26i/1.3/board.xml as part xck26-sfvc784-2lvi-i specified in board_part file is either invalid or not available
WARNING: [Board 49-26] cannot add Board Part xilinx.com:k26i:part0:1.4 available at /tools/Xilinx/2025.1/data/xhub/boards/XilinxBoardStore/boards/Xilinx/k26i/1.4/board.xml as part xck26-sfvc784-2lvi-i specified in board_part file is either invalid or not available
WARNING: [Board 49-26] cannot add Board Part xilinx.com:kcu105:part0:1.6 available at /tools/Xilinx/2025.1/data/xhub/boards/XilinxBoardStore/boards/Xilinx/kcu105/1.6/board.xml as part xcku040-ffva1156-2-e specified in board_part file is either invalid or not available
WARNING: [Board 49-26] cannot add Board Part xilinx.com:kcu105:part0:1.7 available at /tools/Xilinx/2025.1/data/xhub/boards/XilinxBoardStore/boards/Xilinx/kcu105/1.7/board.xml as part xcku040-ffva1156-2-e specified in board_part file is either invalid or not available
WARNING: [Board 49-26] cannot add Board Part xilinx.com:kcu116:part0:1.4 available at /tools/Xilinx/2025.1/data/xhub/boards/XilinxBoardStore/boards/Xilinx/kcu116/1.4/board.xml as part xcku5p-ffvb676-2-e specified in board_part file is either invalid or not available
WARNING: [Board 49-26] cannot add Board Part xilinx.com:kcu116:part0:1.5 available at /tools/Xilinx/2025.1/data/xhub/boards/XilinxBoardStore/boards/Xilinx/kcu116/1.5/board.xml as part xcku5p-ffvb676-2-e specified in board_part file is either invalid or not available
WARNING: [Board 49-26] cannot add Board Part xilinx.com:kcu1500:part0:1.2 available at /tools/Xilinx/2025.1/data/xhub/boards/XilinxBoardStore/boards/Xilinx/kcu1500/1.2/board.xml as part xcku115-flvb2104-2-e specified in board_part file is either invalid or not available
WARNING: [Board 49-26] cannot add Board Part xilinx.com:kd240_som:part0:1.0 available at /tools/Xilinx/2025.1/data/xhub/boards/XilinxBoardStore/boards/Xilinx/kd240_som/1.0/board.xml as part xck24-ubva530-2lv-c specified in board_part file is either invalid or not available
WARNING: [Board 49-26] cannot add Board Part xilinx.com:kd240_som:part0:1.1 available at /tools/Xilinx/2025.1/data/xhub/boards/XilinxBoardStore/boards/Xilinx/kd240_som/1.1/board.xml as part xck24-ubva530-2lv-c specified in board_part file is either invalid or not available
WARNING: [Board 49-26] cannot add Board Part xilinx.com:kr260_som:part0:1.0 available at /tools/Xilinx/2025.1/data/xhub/boards/XilinxBoardStore/boards/Xilinx/kr260_som/1.0/board.xml as part xck26-sfvc784-2lv-c specified in board_part file is either invalid or not available
WARNING: [Board 49-26] cannot add Board Part xilinx.com:kr260_som:part0:1.1 available at /tools/Xilinx/2025.1/data/xhub/boards/XilinxBoardStore/boards/Xilinx/kr260_som/1.1/board.xml as part xck26-sfvc784-2lv-c specified in board_part file is either invalid or not available
WARNING: [Board 49-26] cannot add Board Part xilinx.com:kv260_som:part0:1.2 available at /tools/Xilinx/2025.1/data/xhub/boards/XilinxBoardStore/boards/Xilinx/kv260_som/1.2/board.xml as part xck26-sfvc784-2lv-c specified in board_part file is either invalid or not available
WARNING: [Board 49-26] cannot add Board Part xilinx.com:kv260_som:part0:1.3 available at /tools/Xilinx/2025.1/data/xhub/boards/XilinxBoardStore/boards/Xilinx/kv260_som/1.3/board.xml as part xck26-sfvc784-2lv-c specified in board_part file is either invalid or not available
WARNING: [Board 49-26] cannot add Board Part xilinx.com:kv260_som:part0:1.4 available at /tools/Xilinx/2025.1/data/xhub/boards/XilinxBoardStore/boards/Xilinx/kv260_som/1.4/board.xml as part xck26-sfvc784-2lv-c specified in board_part file is either invalid or not available
WARNING: [Board 49-26] cannot add Board Part xilinx.com:scu35:part0:1.0 available at /tools/Xilinx/2025.1/data/xhub/boards/XilinxBoardStore/boards/Xilinx/scu35/1.0/board.xml as part xcsu35p-sbvb625-2-e specified in board_part file is either invalid or not available
WARNING: [Board 49-26] cannot add Board Part xilinx.com:v80:part0:1.0 available at /tools/Xilinx/2025.1/data/xhub/boards/XilinxBoardStore/boards/Xilinx/v80/1.0/board.xml as part xcv80-lsva4737-2mhp-e-s specified in board_part file is either invalid or not available
WARNING: [Board 49-26] cannot add Board Part xilinx.com:vck190:part0:2.2 available at /tools/Xilinx/2025.1/data/xhub/boards/XilinxBoardStore/boards/Xilinx/vck190/production/2.2/board.xml as part xcvc1902-vsva2197-2mp-e-s specified in board_part file is either invalid or not available
WARNING: [Board 49-26] cannot add Board Part xilinx.com:vck190:part0:3.0 available at /tools/Xilinx/2025.1/data/xhub/boards/XilinxBoardStore/boards/Xilinx/vck190/production/3.0/board.xml as part xcvc1902-vsva2197-2mp-e-s specified in board_part file is either invalid or not available
WARNING: [Board 49-26] cannot add Board Part xilinx.com:vck190:part0:3.1 available at /tools/Xilinx/2025.1/data/xhub/boards/XilinxBoardStore/boards/Xilinx/vck190/production/3.1/board.xml as part xcvc1902-vsva2197-2mp-e-s specified in board_part file is either invalid or not available
WARNING: [Board 49-26] cannot add Board Part xilinx.com:vck190:part0:3.2 available at /tools/Xilinx/2025.1/data/xhub/boards/XilinxBoardStore/boards/Xilinx/vck190/production/3.2/board.xml as part xcvc1902-vsva2197-2mp-e-s specified in board_part file is either invalid or not available
WARNING: [Board 49-26] cannot add Board Part xilinx.com:vck190:part0:3.3 available at /tools/Xilinx/2025.1/data/xhub/boards/XilinxBoardStore/boards/Xilinx/vck190/production/3.3/board.xml as part xcvc1902-vsva2197-2mp-e-s specified in board_part file is either invalid or not available
WARNING: [Board 49-26] cannot add Board Part xilinx.com:vck190:part0:3.4 available at /tools/Xilinx/2025.1/data/xhub/boards/XilinxBoardStore/boards/Xilinx/vck190/production/3.4/board.xml as part xcvc1902-vsva2197-2mp-e-s specified in board_part file is either invalid or not available
WARNING: [Board 49-26] cannot add Board Part xilinx.com:vck190_newl:part0:1.0 available at /tools/Xilinx/2025.1/data/xhub/boards/XilinxBoardStore/boards/Xilinx/vck190_newl/production/1.0/board.xml as part xcvc1902-vsva2197-2mp-e-s specified in board_part file is either invalid or not available
WARNING: [Board 49-26] cannot add Board Part xilinx.com:vck190_newl:part0:1.1 available at /tools/Xilinx/2025.1/data/xhub/boards/XilinxBoardStore/boards/Xilinx/vck190_newl/production/1.1/board.xml as part xcvc1902-vsva2197-2mp-e-s specified in board_part file is either invalid or not available
WARNING: [Board 49-26] cannot add Board Part xilinx.com:vck190_newl:part0:1.2 available at /tools/Xilinx/2025.1/data/xhub/boards/XilinxBoardStore/boards/Xilinx/vck190_newl/production/1.2/board.xml as part xcvc1902-vsva2197-2mp-e-s specified in board_part file is either invalid or not available
WARNING: [Board 49-26] cannot add Board Part xilinx.com:vck190_newl:part0:1.3 available at /tools/Xilinx/2025.1/data/xhub/boards/XilinxBoardStore/boards/Xilinx/vck190_newl/production/1.3/board.xml as part xcvc1902-vsva2197-2mp-e-s specified in board_part file is either invalid or not available
WARNING: [Board 49-26] cannot add Board Part xilinx.com:vcu108:part0:1.6 available at /tools/Xilinx/2025.1/data/xhub/boards/XilinxBoardStore/boards/Xilinx/vcu108/1.6/board.xml as part xcvu095-ffva2104-2-e specified in board_part file is either invalid or not available
WARNING: [Board 49-26] cannot add Board Part xilinx.com:vcu108:part0:1.7 available at /tools/Xilinx/2025.1/data/xhub/boards/XilinxBoardStore/boards/Xilinx/vcu108/1.7/board.xml as part xcvu095-ffva2104-2-e specified in board_part file is either invalid or not available
WARNING: [Board 49-26] cannot add Board Part xilinx.com:vcu110:part0:1.4 available at /tools/Xilinx/2025.1/data/xhub/boards/XilinxBoardStore/boards/Xilinx/vcu110/1.4/board.xml as part xcvu190-flgc2104-2-e specified in board_part file is either invalid or not available
WARNING: [Board 49-26] cannot add Board Part xilinx.com:vcu118:part0:2.0 available at /tools/Xilinx/2025.1/data/xhub/boards/XilinxBoardStore/boards/Xilinx/vcu118/2.0/board.xml as part xcvu9p-flga2104-2l-e specified in board_part file is either invalid or not available
WARNING: [Board 49-26] cannot add Board Part xilinx.com:vcu118:part0:2.3 available at /tools/Xilinx/2025.1/data/xhub/boards/XilinxBoardStore/boards/Xilinx/vcu118/2.3/board.xml as part xcvu9p-flga2104-2l-e specified in board_part file is either invalid or not available
WARNING: [Board 49-26] cannot add Board Part xilinx.com:vcu118:part0:2.4 available at /tools/Xilinx/2025.1/data/xhub/boards/XilinxBoardStore/boards/Xilinx/vcu118/2.4/board.xml as part xcvu9p-flga2104-2l-e specified in board_part file is either invalid or not available
WARNING: [Board 49-26] cannot add Board Part xilinx.com:vcu128:part0:1.0 available at /tools/Xilinx/2025.1/data/xhub/boards/XilinxBoardStore/boards/Xilinx/vcu128/production/1.0/board.xml as part xcvu37p-fsvh2892-2l-e specified in board_part file is either invalid or not available
WARNING: [Board 49-26] cannot add Board Part xilinx.com:vcu129:part0:1.0 available at /tools/Xilinx/2025.1/data/xhub/boards/XilinxBoardStore/boards/Xilinx/vcu129/production/1.0/board.xml as part xcvu29p-fsga2577-2l-e specified in board_part file is either invalid or not available
WARNING: [Board 49-26] cannot add Board Part xilinx.com:vcu1525:part0:1.3 available at /tools/Xilinx/2025.1/data/xhub/boards/XilinxBoardStore/boards/Xilinx/vcu1525/1.3/board.xml as part xcvu9p-fsgd2104-2l-e specified in board_part file is either invalid or not available
WARNING: [Board 49-26] cannot add Board Part xilinx.com:vek280:part0:1.0 available at /tools/Xilinx/2025.1/data/xhub/boards/XilinxBoardStore/boards/Xilinx/vek280/production/1.0/board.xml as part xcve2802-vsvh1760-2mp-e-s specified in board_part file is either invalid or not available
WARNING: [Board 49-26] cannot add Board Part xilinx.com:vek280:part0:1.1 available at /tools/Xilinx/2025.1/data/xhub/boards/XilinxBoardStore/boards/Xilinx/vek280/production/1.1/board.xml as part xcve2802-vsvh1760-2mp-e-s specified in board_part file is either invalid or not available
WARNING: [Board 49-26] cannot add Board Part xilinx.com:vek280:part0:1.2 available at /tools/Xilinx/2025.1/data/xhub/boards/XilinxBoardStore/boards/Xilinx/vek280/production/1.2/board.xml as part xcve2802-vsvh1760-2mp-e-s specified in board_part file is either invalid or not available
WARNING: [Board 49-26] cannot add Board Part xilinx.com:vek385:part0:1.0 available at /tools/Xilinx/2025.1/data/xhub/boards/XilinxBoardStore/boards/Xilinx/vek385/1.0/board.xml as part xc2ve3858-ssva2112-2mp-e-s specified in board_part file is either invalid or not available
WARNING: [Board 49-26] cannot add Board Part xilinx.com:vermeo_t1_mpsoc:part0:1.0 available at /tools/Xilinx/2025.1/data/xhub/boards/XilinxBoardStore/boards/Xilinx/vermeo_t1_mpsoc/1.0/board.xml as part xczu19eg-ffvd1760-2l-e specified in board_part file is either invalid or not available
WARNING: [Board 49-26] cannot add Board Part xilinx.com:vermeo_t1_rfsoc:part0:1.0 available at /tools/Xilinx/2025.1/data/xhub/boards/XilinxBoardStore/boards/Xilinx/vermeo_t1_rfsoc/1.0/board.xml as part xczu21dr-ffvd1156-2l-e specified in board_part file is either invalid or not available
WARNING: [Board 49-26] cannot add Board Part xilinx.com:vhk158:part0:1.0 available at /tools/Xilinx/2025.1/data/xhub/boards/XilinxBoardStore/boards/Xilinx/vhk158/production/1.0/board.xml as part xcvh1582-vsva3697-2mp-e-s specified in board_part file is either invalid or not available
WARNING: [Board 49-26] cannot add Board Part xilinx.com:vhk158:part0:1.1 available at /tools/Xilinx/2025.1/data/xhub/boards/XilinxBoardStore/boards/Xilinx/vhk158/production/1.1/board.xml as part xcvh1582-vsva3697-2mp-e-s specified in board_part file is either invalid or not available
WARNING: [Board 49-26] cannot add Board Part xilinx.com:vhk158:part0:1.2 available at /tools/Xilinx/2025.1/data/xhub/boards/XilinxBoardStore/boards/Xilinx/vhk158/production/1.2/board.xml as part xcvh1582-vsva3697-2mp-e-s specified in board_part file is either invalid or not available
WARNING: [Board 49-26] cannot add Board Part xilinx.com:vmk180:part0:2.2 available at /tools/Xilinx/2025.1/data/xhub/boards/XilinxBoardStore/boards/Xilinx/vmk180/production/2.2/board.xml as part xcvm1802-vsva2197-2mp-e-s specified in board_part file is either invalid or not available
WARNING: [Board 49-26] cannot add Board Part xilinx.com:vmk180:part0:3.0 available at /tools/Xilinx/2025.1/data/xhub/boards/XilinxBoardStore/boards/Xilinx/vmk180/production/3.0/board.xml as part xcvm1802-vsva2197-2mp-e-s specified in board_part file is either invalid or not available
WARNING: [Board 49-26] cannot add Board Part xilinx.com:vmk180:part0:3.1 available at /tools/Xilinx/2025.1/data/xhub/boards/XilinxBoardStore/boards/Xilinx/vmk180/production/3.1/board.xml as part xcvm1802-vsva2197-2mp-e-s specified in board_part file is either invalid or not available
WARNING: [Board 49-26] cannot add Board Part xilinx.com:vmk180:part0:3.2 available at /tools/Xilinx/2025.1/data/xhub/boards/XilinxBoardStore/boards/Xilinx/vmk180/production/3.2/board.xml as part xcvm1802-vsva2197-2mp-e-s specified in board_part file is either invalid or not available
WARNING: [Board 49-26] cannot add Board Part xilinx.com:vmk180:part0:3.3 available at /tools/Xilinx/2025.1/data/xhub/boards/XilinxBoardStore/boards/Xilinx/vmk180/production/3.3/board.xml as part xcvm1802-vsva2197-2mp-e-s specified in board_part file is either invalid or not available
WARNING: [Board 49-26] cannot add Board Part xilinx.com:vmk180_newl:part0:1.0 available at /tools/Xilinx/2025.1/data/xhub/boards/XilinxBoardStore/boards/Xilinx/vmk180_newl/production/1.0/board.xml as part xcvm1802-vsva2197-2mp-e-s specified in board_part file is either invalid or not available
WARNING: [Board 49-26] cannot add Board Part xilinx.com:vmk180_newl:part0:1.1 available at /tools/Xilinx/2025.1/data/xhub/boards/XilinxBoardStore/boards/Xilinx/vmk180_newl/production/1.1/board.xml as part xcvm1802-vsva2197-2mp-e-s specified in board_part file is either invalid or not available
WARNING: [Board 49-26] cannot add Board Part xilinx.com:vpk120:part0:1.0 available at /tools/Xilinx/2025.1/data/xhub/boards/XilinxBoardStore/boards/Xilinx/vpk120/production/1.0/board.xml as part xcvp1202-vsva2785-2mp-e-s specified in board_part file is either invalid or not available
WARNING: [Board 49-26] cannot add Board Part xilinx.com:vpk120:part0:1.1 available at /tools/Xilinx/2025.1/data/xhub/boards/XilinxBoardStore/boards/Xilinx/vpk120/production/1.1/board.xml as part xcvp1202-vsva2785-2mp-e-s specified in board_part file is either invalid or not available
WARNING: [Board 49-26] cannot add Board Part xilinx.com:vpk120:part0:1.2 available at /tools/Xilinx/2025.1/data/xhub/boards/XilinxBoardStore/boards/Xilinx/vpk120/production/1.2/board.xml as part xcvp1202-vsva2785-2mp-e-s specified in board_part file is either invalid or not available
WARNING: [Board 49-26] cannot add Board Part xilinx.com:vpk180:part0:1.0 available at /tools/Xilinx/2025.1/data/xhub/boards/XilinxBoardStore/boards/Xilinx/vpk180/production/1.0/board.xml as part xcvp1802-lsvc4072-2mp-e-s specified in board_part file is either invalid or not available
WARNING: [Board 49-26] cannot add Board Part xilinx.com:vpk180:part0:1.1 available at /tools/Xilinx/2025.1/data/xhub/boards/XilinxBoardStore/boards/Xilinx/vpk180/production/1.1/board.xml as part xcvp1802-lsvc4072-2mp-e-s specified in board_part file is either invalid or not available
WARNING: [Board 49-26] cannot add Board Part xilinx.com:vpk180:part0:1.2 available at /tools/Xilinx/2025.1/data/xhub/boards/XilinxBoardStore/boards/Xilinx/vpk180/production/1.2/board.xml as part xcvp1802-lsvc4072-2mp-e-s specified in board_part file is either invalid or not available
WARNING: [Board 49-26] cannot add Board Part xilinx.com:zc702:part0:1.4 available at /tools/Xilinx/2025.1/data/xhub/boards/XilinxBoardStore/boards/Xilinx/zc702/1.4/board.xml as part xc7z020clg484-1 specified in board_part file is either invalid or not available
WARNING: [Board 49-26] cannot add Board Part xilinx.com:zc706:part0:1.4 available at /tools/Xilinx/2025.1/data/xhub/boards/XilinxBoardStore/boards/Xilinx/zc706/1.4/board.xml as part xc7z045ffg900-2 specified in board_part file is either invalid or not available
WARNING: [Board 49-26] cannot add Board Part xilinx.com:zcu102:part0:3.3 available at /tools/Xilinx/2025.1/data/xhub/boards/XilinxBoardStore/boards/Xilinx/zcu102/3.3/board.xml as part xczu9eg-ffvb1156-2-e specified in board_part file is either invalid or not available
WARNING: [Board 49-26] cannot add Board Part xilinx.com:zcu102:part0:3.4 available at /tools/Xilinx/2025.1/data/xhub/boards/XilinxBoardStore/boards/Xilinx/zcu102/3.4/board.xml as part xczu9eg-ffvb1156-2-e specified in board_part file is either invalid or not available
WARNING: [Board 49-26] cannot add Board Part xilinx.com:zcu104:part0:1.1 available at /tools/Xilinx/2025.1/data/xhub/boards/XilinxBoardStore/boards/Xilinx/zcu104/1.1/board.xml as part xczu7ev-ffvc1156-2-e specified in board_part file is either invalid or not available
WARNING: [Board 49-26] cannot add Board Part xilinx.com:zcu106:part0:2.4 available at /tools/Xilinx/2025.1/data/xhub/boards/XilinxBoardStore/boards/Xilinx/zcu106/2.4/board.xml as part xczu7ev-ffvc1156-2-e specified in board_part file is either invalid or not available
WARNING: [Board 49-26] cannot add Board Part xilinx.com:zcu106:part0:2.5 available at /tools/Xilinx/2025.1/data/xhub/boards/XilinxBoardStore/boards/Xilinx/zcu106/2.5/board.xml as part xczu7ev-ffvc1156-2-e specified in board_part file is either invalid or not available
WARNING: [Board 49-26] cannot add Board Part xilinx.com:zcu106:part0:2.6 available at /tools/Xilinx/2025.1/data/xhub/boards/XilinxBoardStore/boards/Xilinx/zcu106/2.6/board.xml as part xczu7ev-ffvc1156-2-e specified in board_part file is either invalid or not available
WARNING: [Board 49-26] cannot add Board Part xilinx.com:zcu111:part0:1.2 available at /tools/Xilinx/2025.1/data/xhub/boards/XilinxBoardStore/boards/Xilinx/zcu111/1.2/board.xml as part xczu28dr-ffvg1517-2-e specified in board_part file is either invalid or not available
WARNING: [Board 49-26] cannot add Board Part xilinx.com:zcu111:part0:1.3 available at /tools/Xilinx/2025.1/data/xhub/boards/XilinxBoardStore/boards/Xilinx/zcu111/1.3/board.xml as part xczu28dr-ffvg1517-2-e specified in board_part file is either invalid or not available
WARNING: [Board 49-26] cannot add Board Part xilinx.com:zcu111:part0:1.4 available at /tools/Xilinx/2025.1/data/xhub/boards/XilinxBoardStore/boards/Xilinx/zcu111/1.4/board.xml as part xczu28dr-ffvg1517-2-e specified in board_part file is either invalid or not available
WARNING: [Board 49-26] cannot add Board Part xilinx.com:zcu1275:part0:1.0 available at /tools/Xilinx/2025.1/data/xhub/boards/XilinxBoardStore/boards/Xilinx/zcu1275/1.0/board.xml as part xczu29dr-ffvf1760-2-e specified in board_part file is either invalid or not available
WARNING: [Board 49-26] cannot add Board Part xilinx.com:zcu1285:part0:1.0 available at /tools/Xilinx/2025.1/data/xhub/boards/XilinxBoardStore/boards/Xilinx/zcu1285/1.0/board.xml as part xczu39dr-ffvf1760-2-i specified in board_part file is either invalid or not available
WARNING: [Board 49-26] cannot add Board Part xilinx.com:zcu208:part0:2.0 available at /tools/Xilinx/2025.1/data/xhub/boards/XilinxBoardStore/boards/Xilinx/zcu208/production/2.0/board.xml as part xczu48dr-fsvg1517-2-e specified in board_part file is either invalid or not available
WARNING: [Board 49-26] cannot add Board Part xilinx.com:zcu208ld:part0:2.0 available at /tools/Xilinx/2025.1/data/xhub/boards/XilinxBoardStore/boards/Xilinx/zcu208ld/production/2.0/board.xml as part xczu58dr-fsvg1517-2-i specified in board_part file is either invalid or not available
WARNING: [Board 49-26] cannot add Board Part xilinx.com:zcu216:part0:2.0 available at /tools/Xilinx/2025.1/data/xhub/boards/XilinxBoardStore/boards/Xilinx/zcu216/production/2.0/board.xml as part xczu49dr-ffvf1760-2-e specified in board_part file is either invalid or not available
WARNING: [Board 49-26] cannot add Board Part xilinx.com:zcu216ld:part0:2.0 available at /tools/Xilinx/2025.1/data/xhub/boards/XilinxBoardStore/boards/Xilinx/zcu216ld/production/2.0/board.xml as part xczu59dr-ffvf1760-2-i specified in board_part file is either invalid or not available
WARNING: [Board 49-26] cannot add Board Part xilinx.com:zcu670:part0:2.0 available at /tools/Xilinx/2025.1/data/xhub/boards/XilinxBoardStore/boards/Xilinx/zcu670/2.0/board.xml as part xczu67dr-fsve1156-2-i specified in board_part file is either invalid or not available
WARNING: [Board 49-26] cannot add Board Part xilinx.com:zcu670ld:part0:1.0 available at /tools/Xilinx/2025.1/data/xhub/boards/XilinxBoardStore/boards/Xilinx/zcu670ld/1.0/board.xml as part xczu57dr-fsve1156-2-i specified in board_part file is either invalid or not available
WARNING: [Project 1-5713] Board part '' set for the project  is not found. BoardPart property will be unset. Please select board from latest repo build 
INFO: [IP_Flow 19-234] Refreshing IP repositories
INFO: [IP_Flow 19-1704] No user IP repositories specified
INFO: [IP_Flow 19-2313] Loaded Vivado IP repository '/tools/Xilinx/2025.1/Vivado/data/ip'.
update_compile_order -fileset sources_1
pwd
/home/gary/Individual_Project/scripts
launch_simulation
Command: launch_simulation 
INFO: [Vivado 12-12493] Simulation top is 'KernelTest_tb'
INFO: [Vivado 12-5682] Launching behavioral simulation in '/home/gary/Individual_Project_Vivado/Individual_Project_Vivado.sim/sim_1/behav/xsim'
INFO: [SIM-utils-51] Simulation object is 'sim_1'
INFO: [SIM-utils-72] Using boost library from '/tools/Xilinx/2025.1/Vivado/tps/boost_1_72_0'
INFO: [SIM-utils-54] Inspecting design source files for 'KernelTest_tb' in fileset 'sim_1'...
INFO: [USF-XSim-97] Finding global include files...
INFO: [USF-XSim-98] Fetching design files from 'sim_1'...
INFO: [USF-XSim-2] XSim::Compile design
INFO: [USF-XSim-61] Executing 'COMPILE and ANALYZE' step in '/home/gary/Individual_Project_Vivado/Individual_Project_Vivado.sim/sim_1/behav/xsim'
xvlog --incr --relax -L uvm -prj KernelTest_tb_vlog.prj
Waiting for jobs to finish...
No pending jobs, compilation finished.
INFO: [USF-XSim-69] 'compile' step finished in '1' seconds
INFO: [USF-XSim-3] XSim::Elaborate design
INFO: [USF-XSim-61] Executing 'ELABORATE' step in '/home/gary/Individual_Project_Vivado/Individual_Project_Vivado.sim/sim_1/behav/xsim'
xelab --incr --debug typical --relax --mt 8 -L xil_defaultlib -L uvm -L unisims_ver -L unimacro_ver -L secureip --snapshot KernelTest_tb_behav xil_defaultlib.KernelTest_tb xil_defaultlib.glbl -log elaborate.log
Vivado Simulator v2025.1.0
Copyright 1986-2022 Xilinx, Inc. All Rights Reserved.
Copyright 2022-2025 Advanced Micro Devices, Inc. All Rights Reserved.
Running: /tools/Xilinx/2025.1/Vivado/bin/unwrapped/lnx64.o/xelab --incr --debug typical --relax --mt 8 -L xil_defaultlib -L uvm -L unisims_ver -L unimacro_ver -L secureip --snapshot KernelTest_tb_behav xil_defaultlib.KernelTest_tb xil_defaultlib.glbl -log elaborate.log 
Using 8 slave threads.
WARNING: [XSIM 43-3431] One or more environment variables have been detected which affect the operation of the C compiler. These are typically not set in standard installations and are not tested by AMD, however they may be appropriate for your system, so the flow will attempt to continue.  If errors occur, try running xelab with the "-mt off -v 1" switches to see more information from the C compiler. The following environment variables have been detected:
    LIBRARY_PATH
Starting static elaboration
Pass Through NonSizing Optimizer
WARNING: [VRFC 10-3091] actual bit length 2 differs from formal bit length 1 for port 'i_wb_sel' [/home/gary/Individual_Project/rtl/Top.sv:56]
WARNING: [VRFC 10-3091] actual bit length 5 differs from formal bit length 4 for port 'i_rd1_addr' [/home/gary/Individual_Project/rtl/Array_main.sv:98]
WARNING: [VRFC 10-3091] actual bit length 5 differs from formal bit length 4 for port 'i_rd2_addr' [/home/gary/Individual_Project/rtl/Array_main.sv:99]
WARNING: [VRFC 10-3091] actual bit length 5 differs from formal bit length 4 for port 'i_wr_addr' [/home/gary/Individual_Project/rtl/Array_main.sv:100]
WARNING: [VRFC 10-3091] actual bit length 2 differs from formal bit length 1 for port 'o_wb_sel' [/home/gary/Individual_Project/rtl/Top.sv:87]
WARNING: [VRFC 10-3818] variable 'array_data_in' is driven by invalid combination of procedural drivers [/home/gary/Individual_Project/sim/KernelTest_tb.sv:28]
WARNING: [VRFC 10-2921] 'array_data_in' driven by this always_ff block should not be driven by any other process [/home/gary/Individual_Project/sim/KernelTest_tb.sv:84]
Completed static elaboration
INFO: [XSIM 43-4323] No Change in HDL. Linking previously generated obj files to create kernel
INFO: [USF-XSim-69] 'elaborate' step finished in '1' seconds
INFO: [USF-XSim-4] XSim::Simulate design
INFO: [USF-XSim-61] Executing 'SIMULATE' step in '/home/gary/Individual_Project_Vivado/Individual_Project_Vivado.sim/sim_1/behav/xsim'
INFO: [USF-XSim-98] *** Running xsim
   with args "KernelTest_tb_behav -key {Behavioral:sim_1:Functional:KernelTest_tb} -tclbatch {KernelTest_tb.tcl} -log {simulate.log}"
INFO: [USF-XSim-8] Loading simulator feature
Time resolution is 1 ps
source KernelTest_tb.tcl
# set curr_wave [current_wave_config]
# if { [string length $curr_wave] == 0 } {
#   if { [llength [get_objects]] > 0} {
#     add_wave /
#     set_property needs_save false [current_wave_config]
#   } else {
#      send_msg_id Add_Wave-1 WARNING "No top level signals found. Simulator will start without a wave window. If you want to open a wave window go to 'File->New Waveform Configuration' or type 'create_wave_config' in the TCL console."
#   }
# }
# run 1000ns
[TB] Loading image from /home/gary/Individual_Project/img/4x4_input.hex
LOAD (0,0) | Reg 1
LOAD (0,1) | Reg 1
LOAD (1,0) | Reg 1
INFO: [USF-XSim-96] XSim completed. Design snapshot 'KernelTest_tb_behav' loaded.
INFO: [USF-XSim-97] XSim simulation ran for 1000ns
launch_simulation: Time (s): cpu = 00:00:07 ; elapsed = 00:00:06 . Memory (MB): peak = 10071.773 ; gain = 84.188 ; free physical = 5934 ; free virtual = 13919
save_wave_config {/home/gary/Individual_Project/tb/KT_Top.wcfg}
close_sim
INFO: [Simtcl 6-16] Simulation closed
launch_simulation
Command: launch_simulation 
INFO: [Vivado 12-12493] Simulation top is 'KernelTest_tb'
INFO: [Vivado 12-5682] Launching behavioral simulation in '/home/gary/Individual_Project_Vivado/Individual_Project_Vivado.sim/sim_1/behav/xsim'
INFO: [SIM-utils-51] Simulation object is 'sim_1'
INFO: [SIM-utils-72] Using boost library from '/tools/Xilinx/2025.1/Vivado/tps/boost_1_72_0'
INFO: [SIM-utils-54] Inspecting design source files for 'KernelTest_tb' in fileset 'sim_1'...
INFO: [USF-XSim-97] Finding global include files...
INFO: [USF-XSim-98] Fetching design files from 'sim_1'...
INFO: [USF-XSim-2] XSim::Compile design
INFO: [USF-XSim-61] Executing 'COMPILE and ANALYZE' step in '/home/gary/Individual_Project_Vivado/Individual_Project_Vivado.sim/sim_1/behav/xsim'
xvlog --incr --relax -L uvm -prj KernelTest_tb_vlog.prj
Waiting for jobs to finish...
No pending jobs, compilation finished.
INFO: [USF-XSim-69] 'compile' step finished in '1' seconds
INFO: [USF-XSim-3] XSim::Elaborate design
INFO: [USF-XSim-61] Executing 'ELABORATE' step in '/home/gary/Individual_Project_Vivado/Individual_Project_Vivado.sim/sim_1/behav/xsim'
xelab --incr --debug typical --relax --mt 8 -L xil_defaultlib -L uvm -L unisims_ver -L unimacro_ver -L secureip --snapshot KernelTest_tb_behav xil_defaultlib.KernelTest_tb xil_defaultlib.glbl -log elaborate.log
Vivado Simulator v2025.1.0
Copyright 1986-2022 Xilinx, Inc. All Rights Reserved.
Copyright 2022-2025 Advanced Micro Devices, Inc. All Rights Reserved.
Running: /tools/Xilinx/2025.1/Vivado/bin/unwrapped/lnx64.o/xelab --incr --debug typical --relax --mt 8 -L xil_defaultlib -L uvm -L unisims_ver -L unimacro_ver -L secureip --snapshot KernelTest_tb_behav xil_defaultlib.KernelTest_tb xil_defaultlib.glbl -log elaborate.log 
Using 8 slave threads.
WARNING: [XSIM 43-3431] One or more environment variables have been detected which affect the operation of the C compiler. These are typically not set in standard installations and are not tested by AMD, however they may be appropriate for your system, so the flow will attempt to continue.  If errors occur, try running xelab with the "-mt off -v 1" switches to see more information from the C compiler. The following environment variables have been detected:
    LIBRARY_PATH
Starting static elaboration
Pass Through NonSizing Optimizer
WARNING: [VRFC 10-3091] actual bit length 2 differs from formal bit length 1 for port 'i_wb_sel' [/home/gary/Individual_Project/rtl/Top.sv:56]
WARNING: [VRFC 10-3091] actual bit length 5 differs from formal bit length 4 for port 'i_rd1_addr' [/home/gary/Individual_Project/rtl/Array_main.sv:98]
WARNING: [VRFC 10-3091] actual bit length 5 differs from formal bit length 4 for port 'i_rd2_addr' [/home/gary/Individual_Project/rtl/Array_main.sv:99]
WARNING: [VRFC 10-3091] actual bit length 5 differs from formal bit length 4 for port 'i_wr_addr' [/home/gary/Individual_Project/rtl/Array_main.sv:100]
WARNING: [VRFC 10-3091] actual bit length 2 differs from formal bit length 1 for port 'o_wb_sel' [/home/gary/Individual_Project/rtl/Top.sv:87]
WARNING: [VRFC 10-3818] variable 'array_data_in' is driven by invalid combination of procedural drivers [/home/gary/Individual_Project/sim/KernelTest_tb.sv:28]
WARNING: [VRFC 10-2921] 'array_data_in' driven by this always_ff block should not be driven by any other process [/home/gary/Individual_Project/sim/KernelTest_tb.sv:84]
Completed static elaboration
INFO: [XSIM 43-4323] No Change in HDL. Linking previously generated obj files to create kernel
INFO: [USF-XSim-69] 'elaborate' step finished in '1' seconds
INFO: [USF-XSim-4] XSim::Simulate design
INFO: [USF-XSim-61] Executing 'SIMULATE' step in '/home/gary/Individual_Project_Vivado/Individual_Project_Vivado.sim/sim_1/behav/xsim'
INFO: [USF-XSim-98] *** Running xsim
   with args "KernelTest_tb_behav -key {Behavioral:sim_1:Functional:KernelTest_tb} -tclbatch {KernelTest_tb.tcl} -log {simulate.log}"
INFO: [USF-XSim-8] Loading simulator feature
Time resolution is 1 ps
source KernelTest_tb.tcl
# set curr_wave [current_wave_config]
# if { [string length $curr_wave] == 0 } {
#   if { [llength [get_objects]] > 0} {
#     add_wave /
#     set_property needs_save false [current_wave_config]
#   } else {
#      send_msg_id Add_Wave-1 WARNING "No top level signals found. Simulator will start without a wave window. If you want to open a wave window go to 'File->New Waveform Configuration' or type 'create_wave_config' in the TCL console."
#   }
# }
# run 1000ns
[TB] Loading image from /home/gary/Individual_Project/img/4x4_input.hex
LOAD (0,0) | Reg 1
LOAD (0,1) | Reg 1
LOAD (1,0) | Reg 1
INFO: [USF-XSim-96] XSim completed. Design snapshot 'KernelTest_tb_behav' loaded.
INFO: [USF-XSim-97] XSim simulation ran for 1000ns
launch_simulation: Time (s): cpu = 00:00:05 ; elapsed = 00:00:05 . Memory (MB): peak = 10073.641 ; gain = 1.867 ; free physical = 5727 ; free virtual = 13729
restart
INFO: [Wavedata 42-604] Simulation restarted
run 10 us
[TB] Loading image from /home/gary/Individual_Project/img/4x4_input.hex
LOAD (0,0) | Reg 1
LOAD (0,1) | Reg 1
LOAD (1,0) | Reg 1
LOAD (1,1) | Reg 1
====================================
            B = A + A North         
====================================
Vector NEWS | Move image up and add with A| Store B into 2
====================================
            C = B + B South         
====================================
Vector NEWS | Move img down and add with B | Store C into 3
====================================
                C east              
====================================
Vector NEWS | Move reg 3 to the east | Store C into 4
====================================
                C west              
====================================
Vector NEWS | Move reg 3 to the west | Store C into 5
====================================
           C east - C west          
====================================
Vector Sub | Add rs6 <- rs4 - rs5
STORE (0,0) | Reg 3
[TB] OUTPUT PIXEL: addr=0  val=ff
STORE (0,1) | Reg 3
[TB] OUTPUT PIXEL: addr=4  val=00
STORE (1,0) | Reg 3
[TB] OUTPUT PIXEL: addr=32  val=00
STORE (1,1) | Reg 3
[TB] OUTPUT PIXEL: addr=36  val=00
Simulation completed.
$finish called at time : 4525 ns : File "/home/gary/Individual_Project/sim/KernelTest_tb.sv" Line 215
close_sim
INFO: [Simtcl 6-16] Simulation closed
launch_simulation
Command: launch_simulation 
INFO: [Vivado 12-12493] Simulation top is 'KernelTest_tb'
INFO: [Vivado 12-5682] Launching behavioral simulation in '/home/gary/Individual_Project_Vivado/Individual_Project_Vivado.sim/sim_1/behav/xsim'
INFO: [SIM-utils-51] Simulation object is 'sim_1'
INFO: [SIM-utils-72] Using boost library from '/tools/Xilinx/2025.1/Vivado/tps/boost_1_72_0'
INFO: [SIM-utils-54] Inspecting design source files for 'KernelTest_tb' in fileset 'sim_1'...
INFO: [USF-XSim-97] Finding global include files...
INFO: [USF-XSim-98] Fetching design files from 'sim_1'...
INFO: [USF-XSim-2] XSim::Compile design
INFO: [USF-XSim-61] Executing 'COMPILE and ANALYZE' step in '/home/gary/Individual_Project_Vivado/Individual_Project_Vivado.sim/sim_1/behav/xsim'
xvlog --incr --relax -L uvm -prj KernelTest_tb_vlog.prj
Waiting for jobs to finish...
No pending jobs, compilation finished.
INFO: [USF-XSim-69] 'compile' step finished in '1' seconds
INFO: [USF-XSim-3] XSim::Elaborate design
INFO: [USF-XSim-61] Executing 'ELABORATE' step in '/home/gary/Individual_Project_Vivado/Individual_Project_Vivado.sim/sim_1/behav/xsim'
xelab --incr --debug typical --relax --mt 8 -L xil_defaultlib -L uvm -L unisims_ver -L unimacro_ver -L secureip --snapshot KernelTest_tb_behav xil_defaultlib.KernelTest_tb xil_defaultlib.glbl -log elaborate.log
Vivado Simulator v2025.1.0
Copyright 1986-2022 Xilinx, Inc. All Rights Reserved.
Copyright 2022-2025 Advanced Micro Devices, Inc. All Rights Reserved.
Running: /tools/Xilinx/2025.1/Vivado/bin/unwrapped/lnx64.o/xelab --incr --debug typical --relax --mt 8 -L xil_defaultlib -L uvm -L unisims_ver -L unimacro_ver -L secureip --snapshot KernelTest_tb_behav xil_defaultlib.KernelTest_tb xil_defaultlib.glbl -log elaborate.log 
Using 8 slave threads.
WARNING: [XSIM 43-3431] One or more environment variables have been detected which affect the operation of the C compiler. These are typically not set in standard installations and are not tested by AMD, however they may be appropriate for your system, so the flow will attempt to continue.  If errors occur, try running xelab with the "-mt off -v 1" switches to see more information from the C compiler. The following environment variables have been detected:
    LIBRARY_PATH
Starting static elaboration
Pass Through NonSizing Optimizer
WARNING: [VRFC 10-3091] actual bit length 2 differs from formal bit length 1 for port 'i_wb_sel' [/home/gary/Individual_Project/rtl/Top.sv:56]
WARNING: [VRFC 10-3091] actual bit length 5 differs from formal bit length 4 for port 'i_rd1_addr' [/home/gary/Individual_Project/rtl/Array_main.sv:98]
WARNING: [VRFC 10-3091] actual bit length 5 differs from formal bit length 4 for port 'i_rd2_addr' [/home/gary/Individual_Project/rtl/Array_main.sv:99]
WARNING: [VRFC 10-3091] actual bit length 5 differs from formal bit length 4 for port 'i_wr_addr' [/home/gary/Individual_Project/rtl/Array_main.sv:100]
WARNING: [VRFC 10-3091] actual bit length 2 differs from formal bit length 1 for port 'o_wb_sel' [/home/gary/Individual_Project/rtl/Top.sv:87]
WARNING: [VRFC 10-3818] variable 'array_data_in' is driven by invalid combination of procedural drivers [/home/gary/Individual_Project/sim/KernelTest_tb.sv:28]
WARNING: [VRFC 10-2921] 'array_data_in' driven by this always_ff block should not be driven by any other process [/home/gary/Individual_Project/sim/KernelTest_tb.sv:84]
Completed static elaboration
INFO: [XSIM 43-4323] No Change in HDL. Linking previously generated obj files to create kernel
INFO: [USF-XSim-69] 'elaborate' step finished in '1' seconds
INFO: [USF-XSim-4] XSim::Simulate design
INFO: [USF-XSim-61] Executing 'SIMULATE' step in '/home/gary/Individual_Project_Vivado/Individual_Project_Vivado.sim/sim_1/behav/xsim'
INFO: [USF-XSim-98] *** Running xsim
   with args "KernelTest_tb_behav -key {Behavioral:sim_1:Functional:KernelTest_tb} -tclbatch {KernelTest_tb.tcl} -log {simulate.log}"
INFO: [USF-XSim-8] Loading simulator feature
Time resolution is 1 ps
source KernelTest_tb.tcl
# set curr_wave [current_wave_config]
# if { [string length $curr_wave] == 0 } {
#   if { [llength [get_objects]] > 0} {
#     add_wave /
#     set_property needs_save false [current_wave_config]
#   } else {
#      send_msg_id Add_Wave-1 WARNING "No top level signals found. Simulator will start without a wave window. If you want to open a wave window go to 'File->New Waveform Configuration' or type 'create_wave_config' in the TCL console."
#   }
# }
# run 1000ns
[TB] Loading image from /home/gary/Individual_Project/img/4x4_input.hex
LOAD (0,0) | Reg 1
LOAD (0,1) | Reg 1
LOAD (1,0) | Reg 1
INFO: [USF-XSim-96] XSim completed. Design snapshot 'KernelTest_tb_behav' loaded.
INFO: [USF-XSim-97] XSim simulation ran for 1000ns
launch_simulation: Time (s): cpu = 00:00:08 ; elapsed = 00:00:06 . Memory (MB): peak = 10187.977 ; gain = 35.359 ; free physical = 5346 ; free virtual = 13403
restart
INFO: [Wavedata 42-604] Simulation restarted
run 10 us
[TB] Loading image from /home/gary/Individual_Project/img/4x4_input.hex
LOAD (0,0) | Reg 1
LOAD (0,1) | Reg 1
LOAD (1,0) | Reg 1
LOAD (1,1) | Reg 1
====================================
            B = A + A North         
====================================
Vector NEWS | Move image up and add with A| Store B into 2
====================================
            C = B + B South         
====================================
Vector NEWS | Move img down and add with B | Store C into 3
====================================
                C east              
====================================
Vector NEWS | Move reg 3 to the east | Store C into 4
====================================
                C west              
====================================
Vector NEWS | Move reg 3 to the west | Store C into 5
====================================
           C east - C west          
====================================
Vector Sub | Add rs6 <- rs4 - rs5
STORE (0,0) | Reg 3
[TB] OUTPUT PIXEL: addr=0  val=ff
STORE (0,1) | Reg 3
[TB] OUTPUT PIXEL: addr=4  val=00
STORE (1,0) | Reg 3
[TB] OUTPUT PIXEL: addr=32  val=00
STORE (1,1) | Reg 3
[TB] OUTPUT PIXEL: addr=36  val=00
Simulation completed.
$finish called at time : 4525 ns : File "/home/gary/Individual_Project/sim/KernelTest_tb.sv" Line 215
restart
INFO: [Wavedata 42-604] Simulation restarted
run 10 us
[TB] Loading image from /home/gary/Individual_Project/img/4x4_input.hex
LOAD (0,0) | Reg 1
LOAD (0,1) | Reg 1
LOAD (1,0) | Reg 1
LOAD (1,1) | Reg 1
====================================
            B = A + A North         
====================================
Vector NEWS | Move image up and add with A| Store B into 2
====================================
            C = B + B South         
====================================
Vector NEWS | Move img down and add with B | Store C into 3
====================================
                C east              
====================================
Vector NEWS | Move reg 3 to the east | Store C into 4
====================================
                C west              
====================================
Vector NEWS | Move reg 3 to the west | Store C into 5
====================================
           C east - C west          
====================================
Vector Sub | Add rs6 <- rs4 - rs5
STORE (0,0) | Reg 3
[TB] OUTPUT PIXEL: addr=0  val=ff
STORE (0,1) | Reg 3
[TB] OUTPUT PIXEL: addr=4  val=00
STORE (1,0) | Reg 3
[TB] OUTPUT PIXEL: addr=32  val=00
STORE (1,1) | Reg 3
[TB] OUTPUT PIXEL: addr=36  val=00
Simulation completed.
$finish called at time : 4525 ns : File "/home/gary/Individual_Project/sim/KernelTest_tb.sv" Line 215
restart
INFO: [Wavedata 42-604] Simulation restarted
run 10 us
[TB] Loading image from /home/gary/Individual_Project/img/4x4_input.hex
LOAD (0,0) | Reg 1
LOAD (0,1) | Reg 1
LOAD (1,0) | Reg 1
LOAD (1,1) | Reg 1
====================================
            B = A + A North         
====================================
Vector NEWS | Move image up and add with A| Store B into 2
====================================
            C = B + B South         
====================================
Vector NEWS | Move img down and add with B | Store C into 3
====================================
                C east              
====================================
Vector NEWS | Move reg 3 to the east | Store C into 4
====================================
                C west              
====================================
Vector NEWS | Move reg 3 to the west | Store C into 5
====================================
           C east - C west          
====================================
Vector Sub | Add rs6 <- rs4 - rs5
STORE (0,0) | Reg 3
[TB] OUTPUT PIXEL: addr=0  val=ff
STORE (0,1) | Reg 3
[TB] OUTPUT PIXEL: addr=4  val=00
STORE (1,0) | Reg 3
[TB] OUTPUT PIXEL: addr=32  val=00
STORE (1,1) | Reg 3
[TB] OUTPUT PIXEL: addr=36  val=00
Simulation completed.
$finish called at time : 4525 ns : File "/home/gary/Individual_Project/sim/KernelTest_tb.sv" Line 215
restart
INFO: [Wavedata 42-604] Simulation restarted
run 10 us
[TB] Loading image from /home/gary/Individual_Project/img/4x4_input.hex
LOAD (0,0) | Reg 1
LOAD (0,1) | Reg 1
LOAD (1,0) | Reg 1
LOAD (1,1) | Reg 1
====================================
            B = A + A North         
====================================
Vector NEWS | Move image up and add with A| Store B into 2
====================================
            C = B + B South         
====================================
Vector NEWS | Move img down and add with B | Store C into 3
====================================
                C east              
====================================
Vector NEWS | Move reg 3 to the east | Store C into 4
====================================
                C west              
====================================
Vector NEWS | Move reg 3 to the west | Store C into 5
====================================
           C east - C west          
====================================
Vector Sub | Add rs6 <- rs4 - rs5
STORE (0,0) | Reg 3
[TB] OUTPUT PIXEL: addr=0  val=ff
STORE (0,1) | Reg 3
[TB] OUTPUT PIXEL: addr=4  val=00
STORE (1,0) | Reg 3
[TB] OUTPUT PIXEL: addr=32  val=00
STORE (1,1) | Reg 3
[TB] OUTPUT PIXEL: addr=36  val=00
Simulation completed.
$finish called at time : 4525 ns : File "/home/gary/Individual_Project/sim/KernelTest_tb.sv" Line 215
restart
INFO: [Wavedata 42-604] Simulation restarted
run 10 us
[TB] Loading image from /home/gary/Individual_Project/img/4x4_input.hex
LOAD (0,0) | Reg 1
LOAD (0,1) | Reg 1
LOAD (1,0) | Reg 1
LOAD (1,1) | Reg 1
====================================
            B = A + A North         
====================================
Vector NEWS | Move image up and add with A| Store B into 2
====================================
            C = B + B South         
====================================
Vector NEWS | Move img down and add with B | Store C into 3
====================================
                C east              
====================================
Vector NEWS | Move reg 3 to the east | Store C into 4
====================================
                C west              
====================================
Vector NEWS | Move reg 3 to the west | Store C into 5
====================================
           C east - C west          
====================================
Vector Sub | Add rs6 <- rs4 - rs5
STORE (0,0) | Reg 3
[TB] OUTPUT PIXEL: addr=0  val=ff
STORE (0,1) | Reg 3
[TB] OUTPUT PIXEL: addr=4  val=00
STORE (1,0) | Reg 3
[TB] OUTPUT PIXEL: addr=32  val=00
STORE (1,1) | Reg 3
[TB] OUTPUT PIXEL: addr=36  val=00
Simulation completed.
$finish called at time : 4525 ns : File "/home/gary/Individual_Project/sim/KernelTest_tb.sv" Line 215
relaunch_sim
WARNING: [filemgmt 56-199] Attempt to get parsing info during refresh. "On-the-fly" syntax checking information may be incorrect. [/home/gary/Individual_Project/rtl/PE_main.sv:]
WARNING: [filemgmt 56-199] Attempt to get parsing info during refresh. "On-the-fly" syntax checking information may be incorrect. [/home/gary/Individual_Project/sim/KernelTest_tb.sv:]
WARNING: [filemgmt 56-199] Attempt to get parsing info during refresh. "On-the-fly" syntax checking information may be incorrect. [/home/gary/Individual_Project/rtl/PE_main.sv:]
WARNING: [filemgmt 56-199] Attempt to get parsing info during refresh. "On-the-fly" syntax checking information may be incorrect. [/home/gary/Individual_Project/rtl/PE_main.sv:]
Command: launch_simulation -step compile -simset sim_1 -mode behavioral
INFO: [Vivado 12-12493] Simulation top is 'KernelTest_tb'
INFO: [Vivado 12-5682] Launching behavioral simulation in '/home/gary/Individual_Project_Vivado/Individual_Project_Vivado.sim/sim_1/behav/xsim'
INFO: [SIM-utils-51] Simulation object is 'sim_1'
INFO: [SIM-utils-72] Using boost library from '/tools/Xilinx/2025.1/Vivado/tps/boost_1_72_0'
INFO: [SIM-utils-54] Inspecting design source files for 'KernelTest_tb' in fileset 'sim_1'...
INFO: [USF-XSim-97] Finding global include files...
INFO: [USF-XSim-98] Fetching design files from 'sim_1'...
INFO: [USF-XSim-2] XSim::Compile design
INFO: [USF-XSim-61] Executing 'COMPILE and ANALYZE' step in '/home/gary/Individual_Project_Vivado/Individual_Project_Vivado.sim/sim_1/behav/xsim'
xvlog --incr --relax -L uvm -prj KernelTest_tb_vlog.prj
INFO: [VRFC 10-2263] Analyzing SystemVerilog file "/home/gary/Individual_Project/rtl/ALU_bitserial.sv" into library xil_defaultlib
INFO: [VRFC 10-311] analyzing module ALU_bitserial
INFO: [VRFC 10-2263] Analyzing SystemVerilog file "/home/gary/Individual_Project/rtl/Array_main.sv" into library xil_defaultlib
INFO: [VRFC 10-311] analyzing module Array_Main
INFO: [VRFC 10-2263] Analyzing SystemVerilog file "/home/gary/Individual_Project/rtl/Control_Decode.sv" into library xil_defaultlib
INFO: [VRFC 10-311] analyzing module Control_Decode
INFO: [VRFC 10-2263] Analyzing SystemVerilog file "/home/gary/Individual_Project/rtl/Control_FSM.sv" into library xil_defaultlib
INFO: [VRFC 10-311] analyzing module Control_FSM
INFO: [VRFC 10-2263] Analyzing SystemVerilog file "/home/gary/Individual_Project/rtl/Control_unit.sv" into library xil_defaultlib
INFO: [VRFC 10-311] analyzing module Control_Unit
INFO: [VRFC 10-2263] Analyzing SystemVerilog file "/home/gary/Individual_Project/rtl/PE_main.sv" into library xil_defaultlib
INFO: [VRFC 10-311] analyzing module PE_Main
INFO: [VRFC 10-2263] Analyzing SystemVerilog file "/home/gary/Individual_Project/rtl/Register_File.sv" into library xil_defaultlib
INFO: [VRFC 10-311] analyzing module Register_File
INFO: [VRFC 10-2263] Analyzing SystemVerilog file "/home/gary/Individual_Project/rtl/Top.sv" into library xil_defaultlib
INFO: [VRFC 10-311] analyzing module Top
INFO: [VRFC 10-2263] Analyzing SystemVerilog file "/home/gary/Individual_Project/sim/KernelTest_tb.sv" into library xil_defaultlib
INFO: [VRFC 10-311] analyzing module KernelTest_tb
Waiting for jobs to finish...
No pending jobs, compilation finished.
INFO: [USF-XSim-69] 'compile' step finished in '1' seconds
Command: launch_simulation -step elaborate -simset sim_1 -mode behavioral
INFO: [Vivado 12-12493] Simulation top is 'KernelTest_tb'
INFO: [Vivado 12-5682] Launching behavioral simulation in '/home/gary/Individual_Project_Vivado/Individual_Project_Vivado.sim/sim_1/behav/xsim'
INFO: [SIM-utils-51] Simulation object is 'sim_1'
INFO: [USF-XSim-3] XSim::Elaborate design
INFO: [USF-XSim-61] Executing 'ELABORATE' step in '/home/gary/Individual_Project_Vivado/Individual_Project_Vivado.sim/sim_1/behav/xsim'
xelab --incr --debug typical --relax --mt 8 -L xil_defaultlib -L uvm -L unisims_ver -L unimacro_ver -L secureip --snapshot KernelTest_tb_behav xil_defaultlib.KernelTest_tb xil_defaultlib.glbl -log elaborate.log
Vivado Simulator v2025.1.0
Copyright 1986-2022 Xilinx, Inc. All Rights Reserved.
Copyright 2022-2025 Advanced Micro Devices, Inc. All Rights Reserved.
Running: /tools/Xilinx/2025.1/Vivado/bin/unwrapped/lnx64.o/xelab --incr --debug typical --relax --mt 8 -L xil_defaultlib -L uvm -L unisims_ver -L unimacro_ver -L secureip --snapshot KernelTest_tb_behav xil_defaultlib.KernelTest_tb xil_defaultlib.glbl -log elaborate.log 
Using 8 slave threads.
WARNING: [XSIM 43-3431] One or more environment variables have been detected which affect the operation of the C compiler. These are typically not set in standard installations and are not tested by AMD, however they may be appropriate for your system, so the flow will attempt to continue.  If errors occur, try running xelab with the "-mt off -v 1" switches to see more information from the C compiler. The following environment variables have been detected:
    LIBRARY_PATH
Starting static elaboration
Pass Through NonSizing Optimizer
WARNING: [VRFC 10-3091] actual bit length 2 differs from formal bit length 1 for port 'i_wb_sel' [/home/gary/Individual_Project/rtl/Top.sv:56]
WARNING: [VRFC 10-3091] actual bit length 5 differs from formal bit length 4 for port 'i_rd1_addr' [/home/gary/Individual_Project/rtl/Array_main.sv:98]
WARNING: [VRFC 10-3091] actual bit length 5 differs from formal bit length 4 for port 'i_rd2_addr' [/home/gary/Individual_Project/rtl/Array_main.sv:99]
WARNING: [VRFC 10-3091] actual bit length 5 differs from formal bit length 4 for port 'i_wr_addr' [/home/gary/Individual_Project/rtl/Array_main.sv:100]
WARNING: [VRFC 10-3091] actual bit length 2 differs from formal bit length 1 for port 'o_wb_sel' [/home/gary/Individual_Project/rtl/Top.sv:87]
WARNING: [VRFC 10-3818] variable 'array_data_in' is driven by invalid combination of procedural drivers [/home/gary/Individual_Project/sim/KernelTest_tb.sv:28]
WARNING: [VRFC 10-2921] 'array_data_in' driven by this always_ff block should not be driven by any other process [/home/gary/Individual_Project/sim/KernelTest_tb.sv:84]
Completed static elaboration
Starting simulation data flow analysis
WARNING: [XSIM 43-4099] "/home/gary/Individual_Project/rtl/ALU_bitserial.sv" Line 3. Module ALU_bitserial doesn't have a timescale but at least one module in design has a timescale.
WARNING: [XSIM 43-4099] "/home/gary/Individual_Project/rtl/ALU_bitserial.sv" Line 3. Module ALU_bitserial doesn't have a timescale but at least one module in design has a timescale.
WARNING: [XSIM 43-4099] "/home/gary/Individual_Project/rtl/ALU_bitserial.sv" Line 3. Module ALU_bitserial doesn't have a timescale but at least one module in design has a timescale.
WARNING: [XSIM 43-4099] "/home/gary/Individual_Project/rtl/ALU_bitserial.sv" Line 3. Module ALU_bitserial doesn't have a timescale but at least one module in design has a timescale.
WARNING: [XSIM 43-4099] "/home/gary/Individual_Project/rtl/ALU_bitserial.sv" Line 3. Module ALU_bitserial doesn't have a timescale but at least one module in design has a timescale.
WARNING: [XSIM 43-4099] "/home/gary/Individual_Project/rtl/ALU_bitserial.sv" Line 3. Module ALU_bitserial doesn't have a timescale but at least one module in design has a timescale.
WARNING: [XSIM 43-4099] "/home/gary/Individual_Project/rtl/ALU_bitserial.sv" Line 3. Module ALU_bitserial doesn't have a timescale but at least one module in design has a timescale.
WARNING: [XSIM 43-4099] "/home/gary/Individual_Project/rtl/ALU_bitserial.sv" Line 3. Module ALU_bitserial doesn't have a timescale but at least one module in design has a timescale.
Completed simulation data flow analysis
Time Resolution for simulation is 1ps
Compiling module xil_defaultlib.Register_File(DEPTH=16)
Compiling module xil_defaultlib.ALU_bitserial
Compiling module xil_defaultlib.PE_Main
Compiling module xil_defaultlib.Array_Main_default
Compiling module xil_defaultlib.Control_FSM
Compiling module xil_defaultlib.Control_Decode
Compiling module xil_defaultlib.Control_Unit
Compiling module xil_defaultlib.Top
Compiling module xil_defaultlib.KernelTest_tb
Compiling module xil_defaultlib.glbl
Built simulation snapshot KernelTest_tb_behav
INFO: [USF-XSim-69] 'elaborate' step finished in '1' seconds
Time resolution is 1 ps
[TB] Loading image from /home/gary/Individual_Project/img/4x4_input.hex
LOAD (0,0) | Reg 1
LOAD (0,1) | Reg 1
LOAD (1,0) | Reg 1
relaunch_sim: Time (s): cpu = 00:00:12 ; elapsed = 00:00:07 . Memory (MB): peak = 10271.715 ; gain = 0.000 ; free physical = 4779 ; free virtual = 12930
run 10 us
LOAD (1,1) | Reg 1
====================================
            B = A + A North         
====================================
Vector NEWS | Move image up and add with A| Store B into 2
====================================
            C = B + B South         
====================================
Vector NEWS | Move img down and add with B | Store C into 3
====================================
                C east              
====================================
Vector NEWS | Move reg 3 to the east | Store C into 4
====================================
                C west              
====================================
Vector NEWS | Move reg 3 to the west | Store C into 5
====================================
           C east - C west          
====================================
Vector Sub | Add rs6 <- rs4 - rs5
STORE (0,0) | Reg 3
[TB] OUTPUT PIXEL: addr=0  val=ff
STORE (0,1) | Reg 3
[TB] OUTPUT PIXEL: addr=4  val=14
STORE (1,0) | Reg 3
[TB] OUTPUT PIXEL: addr=8  val=ff
STORE (1,1) | Reg 3
[TB] OUTPUT PIXEL: addr=12  val=28
Simulation completed.
$finish called at time : 4525 ns : File "/home/gary/Individual_Project/sim/KernelTest_tb.sv" Line 215
run 10 us
relaunch_sim
Command: launch_simulation -step compile -simset sim_1 -mode behavioral
INFO: [Vivado 12-12493] Simulation top is 'KernelTest_tb'
INFO: [Vivado 12-5682] Launching behavioral simulation in '/home/gary/Individual_Project_Vivado/Individual_Project_Vivado.sim/sim_1/behav/xsim'
INFO: [SIM-utils-51] Simulation object is 'sim_1'
INFO: [USF-XSim-2] XSim::Compile design
INFO: [USF-XSim-61] Executing 'COMPILE and ANALYZE' step in '/home/gary/Individual_Project_Vivado/Individual_Project_Vivado.sim/sim_1/behav/xsim'
xvlog --incr --relax -L uvm -prj KernelTest_tb_vlog.prj
Waiting for jobs to finish...
No pending jobs, compilation finished.
INFO: [USF-XSim-69] 'compile' step finished in '1' seconds
Command: launch_simulation -step elaborate -simset sim_1 -mode behavioral
INFO: [Vivado 12-12493] Simulation top is 'KernelTest_tb'
INFO: [Vivado 12-5682] Launching behavioral simulation in '/home/gary/Individual_Project_Vivado/Individual_Project_Vivado.sim/sim_1/behav/xsim'
INFO: [SIM-utils-51] Simulation object is 'sim_1'
INFO: [USF-XSim-3] XSim::Elaborate design
INFO: [USF-XSim-61] Executing 'ELABORATE' step in '/home/gary/Individual_Project_Vivado/Individual_Project_Vivado.sim/sim_1/behav/xsim'
xelab --incr --debug typical --relax --mt 8 -L xil_defaultlib -L uvm -L unisims_ver -L unimacro_ver -L secureip --snapshot KernelTest_tb_behav xil_defaultlib.KernelTest_tb xil_defaultlib.glbl -log elaborate.log
Vivado Simulator v2025.1.0
Copyright 1986-2022 Xilinx, Inc. All Rights Reserved.
Copyright 2022-2025 Advanced Micro Devices, Inc. All Rights Reserved.
Running: /tools/Xilinx/2025.1/Vivado/bin/unwrapped/lnx64.o/xelab --incr --debug typical --relax --mt 8 -L xil_defaultlib -L uvm -L unisims_ver -L unimacro_ver -L secureip --snapshot KernelTest_tb_behav xil_defaultlib.KernelTest_tb xil_defaultlib.glbl -log elaborate.log 
Using 8 slave threads.
WARNING: [XSIM 43-3431] One or more environment variables have been detected which affect the operation of the C compiler. These are typically not set in standard installations and are not tested by AMD, however they may be appropriate for your system, so the flow will attempt to continue.  If errors occur, try running xelab with the "-mt off -v 1" switches to see more information from the C compiler. The following environment variables have been detected:
    LIBRARY_PATH
Starting static elaboration
Pass Through NonSizing Optimizer
WARNING: [VRFC 10-3091] actual bit length 2 differs from formal bit length 1 for port 'i_wb_sel' [/home/gary/Individual_Project/rtl/Top.sv:56]
WARNING: [VRFC 10-3091] actual bit length 5 differs from formal bit length 4 for port 'i_rd1_addr' [/home/gary/Individual_Project/rtl/Array_main.sv:98]
WARNING: [VRFC 10-3091] actual bit length 5 differs from formal bit length 4 for port 'i_rd2_addr' [/home/gary/Individual_Project/rtl/Array_main.sv:99]
WARNING: [VRFC 10-3091] actual bit length 5 differs from formal bit length 4 for port 'i_wr_addr' [/home/gary/Individual_Project/rtl/Array_main.sv:100]
WARNING: [VRFC 10-3091] actual bit length 2 differs from formal bit length 1 for port 'o_wb_sel' [/home/gary/Individual_Project/rtl/Top.sv:87]
WARNING: [VRFC 10-3818] variable 'array_data_in' is driven by invalid combination of procedural drivers [/home/gary/Individual_Project/sim/KernelTest_tb.sv:28]
WARNING: [VRFC 10-2921] 'array_data_in' driven by this always_ff block should not be driven by any other process [/home/gary/Individual_Project/sim/KernelTest_tb.sv:84]
Completed static elaboration
INFO: [XSIM 43-4323] No Change in HDL. Linking previously generated obj files to create kernel
INFO: [USF-XSim-69] 'elaborate' step finished in '1' seconds
Time resolution is 1 ps
[TB] Loading image from /home/gary/Individual_Project/img/4x4_input.hex
LOAD (0,0) | Reg 1
LOAD (0,1) | Reg 1
LOAD (1,0) | Reg 1
relaunch_sim: Time (s): cpu = 00:00:05 ; elapsed = 00:00:06 . Memory (MB): peak = 10273.656 ; gain = 0.000 ; free physical = 4676 ; free virtual = 12866
run 10 us
LOAD (1,1) | Reg 1
====================================
            B = A + A North         
====================================
Vector NEWS | Move image up and add with A| Store B into 2
====================================
            C = B + B South         
====================================
Vector NEWS | Move img down and add with B | Store C into 3
====================================
                C east              
====================================
Vector NEWS | Move reg 3 to the east | Store C into 4
====================================
                C west              
====================================
Vector NEWS | Move reg 3 to the west | Store C into 5
====================================
           C east - C west          
====================================
Vector Sub | Add rs6 <- rs4 - rs5
STORE (0,0) | Reg 3
[TB] OUTPUT PIXEL: addr=0  val=ff
STORE (0,1) | Reg 3
[TB] OUTPUT PIXEL: addr=4  val=14
STORE (1,0) | Reg 3
[TB] OUTPUT PIXEL: addr=8  val=ff
STORE (1,1) | Reg 3
[TB] OUTPUT PIXEL: addr=12  val=28
Simulation completed.
$finish called at time : 4525 ns : File "/home/gary/Individual_Project/sim/KernelTest_tb.sv" Line 215
run 10 us
WARNING: [filemgmt 56-199] Attempt to get parsing info during refresh. "On-the-fly" syntax checking information may be incorrect. [/home/gary/Individual_Project/rtl/Register_File.sv:]
WARNING: [filemgmt 56-199] Attempt to get parsing info during refresh. "On-the-fly" syntax checking information may be incorrect. [/home/gary/Individual_Project/rtl/PE_main.sv:]
WARNING: [filemgmt 56-199] Attempt to get parsing info during refresh. "On-the-fly" syntax checking information may be incorrect. [/home/gary/Individual_Project/rtl/Array_main.sv:]
WARNING: [filemgmt 56-199] Attempt to get parsing info during refresh. "On-the-fly" syntax checking information may be incorrect. [/home/gary/Individual_Project/sim/KernelTest_tb.sv:]
WARNING: [filemgmt 56-199] Attempt to get parsing info during refresh. "On-the-fly" syntax checking information may be incorrect. [/home/gary/Individual_Project/rtl/ALU_bitserial.sv:]
WARNING: [filemgmt 56-199] Attempt to get parsing info during refresh. "On-the-fly" syntax checking information may be incorrect. [/home/gary/Individual_Project/rtl/PE_main.sv:]
WARNING: [filemgmt 56-199] Attempt to get parsing info during refresh. "On-the-fly" syntax checking information may be incorrect. [/home/gary/Individual_Project/rtl/PE_main.sv:]
WARNING: [filemgmt 56-199] Attempt to get parsing info during refresh. "On-the-fly" syntax checking information may be incorrect. [/home/gary/Individual_Project/rtl/Register_File.sv:]
WARNING: [filemgmt 56-199] Attempt to get parsing info during refresh. "On-the-fly" syntax checking information may be incorrect. [/home/gary/Individual_Project/rtl/PE_main.sv:]
WARNING: [filemgmt 56-199] Attempt to get parsing info during refresh. "On-the-fly" syntax checking information may be incorrect. [/home/gary/Individual_Project/rtl/Array_main.sv:]
WARNING: [filemgmt 56-199] Attempt to get parsing info during refresh. "On-the-fly" syntax checking information may be incorrect. [/home/gary/Individual_Project/sim/KernelTest_tb.sv:]
WARNING: [filemgmt 56-199] Attempt to get parsing info during refresh. "On-the-fly" syntax checking information may be incorrect. [/home/gary/Individual_Project/rtl/ALU_bitserial.sv:]
WARNING: [filemgmt 56-199] Attempt to get parsing info during refresh. "On-the-fly" syntax checking information may be incorrect. [/home/gary/Individual_Project/rtl/ALU_bitserial.sv:]
WARNING: [filemgmt 56-199] Attempt to get parsing info during refresh. "On-the-fly" syntax checking information may be incorrect. [/home/gary/Individual_Project/rtl/ALU_bitserial.sv:]
WARNING: [filemgmt 56-199] Attempt to get parsing info during refresh. "On-the-fly" syntax checking information may be incorrect. [/home/gary/Individual_Project/rtl/Register_File.sv:]
WARNING: [filemgmt 56-199] Attempt to get parsing info during refresh. "On-the-fly" syntax checking information may be incorrect. [/home/gary/Individual_Project/rtl/PE_main.sv:]
WARNING: [filemgmt 56-199] Attempt to get parsing info during refresh. "On-the-fly" syntax checking information may be incorrect. [/home/gary/Individual_Project/rtl/Array_main.sv:]
WARNING: [filemgmt 56-199] Attempt to get parsing info during refresh. "On-the-fly" syntax checking information may be incorrect. [/home/gary/Individual_Project/sim/KernelTest_tb.sv:]
WARNING: [filemgmt 56-199] Attempt to get parsing info during refresh. "On-the-fly" syntax checking information may be incorrect. [/home/gary/Individual_Project/rtl/ALU_bitserial.sv:]
WARNING: [filemgmt 56-199] Attempt to get parsing info during refresh. "On-the-fly" syntax checking information may be incorrect. [/home/gary/Individual_Project/rtl/Array_main.sv:]
WARNING: [filemgmt 56-199] Attempt to get parsing info during refresh. "On-the-fly" syntax checking information may be incorrect. [/home/gary/Individual_Project/rtl/Array_main.sv:]
WARNING: [filemgmt 56-199] Attempt to get parsing info during refresh. "On-the-fly" syntax checking information may be incorrect. [/home/gary/Individual_Project/rtl/Register_File.sv:]
WARNING: [filemgmt 56-199] Attempt to get parsing info during refresh. "On-the-fly" syntax checking information may be incorrect. [/home/gary/Individual_Project/rtl/PE_main.sv:]
WARNING: [filemgmt 56-199] Attempt to get parsing info during refresh. "On-the-fly" syntax checking information may be incorrect. [/home/gary/Individual_Project/rtl/Array_main.sv:]
WARNING: [filemgmt 56-199] Attempt to get parsing info during refresh. "On-the-fly" syntax checking information may be incorrect. [/home/gary/Individual_Project/sim/KernelTest_tb.sv:]
WARNING: [filemgmt 56-199] Attempt to get parsing info during refresh. "On-the-fly" syntax checking information may be incorrect. [/home/gary/Individual_Project/rtl/ALU_bitserial.sv:]
WARNING: [filemgmt 56-199] Attempt to get parsing info during refresh. "On-the-fly" syntax checking information may be incorrect. [/home/gary/Individual_Project/sim/KernelTest_tb.sv:]
WARNING: [filemgmt 56-199] Attempt to get parsing info during refresh. "On-the-fly" syntax checking information may be incorrect. [/home/gary/Individual_Project/sim/KernelTest_tb.sv:]
relaunch_sim
Command: launch_simulation -step compile -simset sim_1 -mode behavioral
INFO: [Vivado 12-12493] Simulation top is 'KernelTest_tb'
INFO: [Vivado 12-5682] Launching behavioral simulation in '/home/gary/Individual_Project_Vivado/Individual_Project_Vivado.sim/sim_1/behav/xsim'
INFO: [SIM-utils-51] Simulation object is 'sim_1'
INFO: [USF-XSim-2] XSim::Compile design
INFO: [USF-XSim-61] Executing 'COMPILE and ANALYZE' step in '/home/gary/Individual_Project_Vivado/Individual_Project_Vivado.sim/sim_1/behav/xsim'
xvlog --incr --relax -L uvm -prj KernelTest_tb_vlog.prj
INFO: [VRFC 10-2263] Analyzing SystemVerilog file "/home/gary/Individual_Project/rtl/ALU_bitserial.sv" into library xil_defaultlib
INFO: [VRFC 10-311] analyzing module ALU_bitserial
INFO: [VRFC 10-2263] Analyzing SystemVerilog file "/home/gary/Individual_Project/rtl/Array_main.sv" into library xil_defaultlib
INFO: [VRFC 10-311] analyzing module Array_Main
INFO: [VRFC 10-2263] Analyzing SystemVerilog file "/home/gary/Individual_Project/rtl/Control_Decode.sv" into library xil_defaultlib
INFO: [VRFC 10-311] analyzing module Control_Decode
INFO: [VRFC 10-2263] Analyzing SystemVerilog file "/home/gary/Individual_Project/rtl/Control_FSM.sv" into library xil_defaultlib
INFO: [VRFC 10-311] analyzing module Control_FSM
INFO: [VRFC 10-2263] Analyzing SystemVerilog file "/home/gary/Individual_Project/rtl/Control_unit.sv" into library xil_defaultlib
INFO: [VRFC 10-311] analyzing module Control_Unit
INFO: [VRFC 10-2263] Analyzing SystemVerilog file "/home/gary/Individual_Project/rtl/PE_main.sv" into library xil_defaultlib
INFO: [VRFC 10-311] analyzing module PE_Main
INFO: [VRFC 10-2263] Analyzing SystemVerilog file "/home/gary/Individual_Project/rtl/Register_File.sv" into library xil_defaultlib
INFO: [VRFC 10-311] analyzing module Register_File
INFO: [VRFC 10-2263] Analyzing SystemVerilog file "/home/gary/Individual_Project/rtl/Top.sv" into library xil_defaultlib
INFO: [VRFC 10-311] analyzing module Top
INFO: [VRFC 10-2263] Analyzing SystemVerilog file "/home/gary/Individual_Project/sim/KernelTest_tb.sv" into library xil_defaultlib
INFO: [VRFC 10-311] analyzing module KernelTest_tb
Waiting for jobs to finish...
No pending jobs, compilation finished.
INFO: [USF-XSim-69] 'compile' step finished in '1' seconds
Command: launch_simulation -step elaborate -simset sim_1 -mode behavioral
INFO: [Vivado 12-12493] Simulation top is 'KernelTest_tb'
INFO: [Vivado 12-5682] Launching behavioral simulation in '/home/gary/Individual_Project_Vivado/Individual_Project_Vivado.sim/sim_1/behav/xsim'
INFO: [SIM-utils-51] Simulation object is 'sim_1'
INFO: [USF-XSim-3] XSim::Elaborate design
INFO: [USF-XSim-61] Executing 'ELABORATE' step in '/home/gary/Individual_Project_Vivado/Individual_Project_Vivado.sim/sim_1/behav/xsim'
xelab --incr --debug typical --relax --mt 8 -L xil_defaultlib -L uvm -L unisims_ver -L unimacro_ver -L secureip --snapshot KernelTest_tb_behav xil_defaultlib.KernelTest_tb xil_defaultlib.glbl -log elaborate.log
Vivado Simulator v2025.1.0
Copyright 1986-2022 Xilinx, Inc. All Rights Reserved.
Copyright 2022-2025 Advanced Micro Devices, Inc. All Rights Reserved.
Running: /tools/Xilinx/2025.1/Vivado/bin/unwrapped/lnx64.o/xelab --incr --debug typical --relax --mt 8 -L xil_defaultlib -L uvm -L unisims_ver -L unimacro_ver -L secureip --snapshot KernelTest_tb_behav xil_defaultlib.KernelTest_tb xil_defaultlib.glbl -log elaborate.log 
Using 8 slave threads.
WARNING: [XSIM 43-3431] One or more environment variables have been detected which affect the operation of the C compiler. These are typically not set in standard installations and are not tested by AMD, however they may be appropriate for your system, so the flow will attempt to continue.  If errors occur, try running xelab with the "-mt off -v 1" switches to see more information from the C compiler. The following environment variables have been detected:
    LIBRARY_PATH
Starting static elaboration
Pass Through NonSizing Optimizer
WARNING: [VRFC 10-3091] actual bit length 2 differs from formal bit length 1 for port 'i_wb_sel' [/home/gary/Individual_Project/rtl/Top.sv:56]
WARNING: [VRFC 10-3091] actual bit length 5 differs from formal bit length 4 for port 'i_rd1_addr' [/home/gary/Individual_Project/rtl/Array_main.sv:98]
WARNING: [VRFC 10-3091] actual bit length 5 differs from formal bit length 4 for port 'i_rd2_addr' [/home/gary/Individual_Project/rtl/Array_main.sv:99]
WARNING: [VRFC 10-3091] actual bit length 5 differs from formal bit length 4 for port 'i_wr_addr' [/home/gary/Individual_Project/rtl/Array_main.sv:100]
WARNING: [VRFC 10-3091] actual bit length 2 differs from formal bit length 1 for port 'o_wb_sel' [/home/gary/Individual_Project/rtl/Top.sv:87]
WARNING: [VRFC 10-3818] variable 'array_data_in' is driven by invalid combination of procedural drivers [/home/gary/Individual_Project/sim/KernelTest_tb.sv:28]
WARNING: [VRFC 10-2921] 'array_data_in' driven by this always_ff block should not be driven by any other process [/home/gary/Individual_Project/sim/KernelTest_tb.sv:84]
Completed static elaboration
Starting simulation data flow analysis
WARNING: [XSIM 43-4099] "/home/gary/Individual_Project/rtl/ALU_bitserial.sv" Line 3. Module ALU_bitserial doesn't have a timescale but at least one module in design has a timescale.
WARNING: [XSIM 43-4099] "/home/gary/Individual_Project/rtl/ALU_bitserial.sv" Line 3. Module ALU_bitserial doesn't have a timescale but at least one module in design has a timescale.
WARNING: [XSIM 43-4099] "/home/gary/Individual_Project/rtl/ALU_bitserial.sv" Line 3. Module ALU_bitserial doesn't have a timescale but at least one module in design has a timescale.
WARNING: [XSIM 43-4099] "/home/gary/Individual_Project/rtl/ALU_bitserial.sv" Line 3. Module ALU_bitserial doesn't have a timescale but at least one module in design has a timescale.
WARNING: [XSIM 43-4099] "/home/gary/Individual_Project/rtl/ALU_bitserial.sv" Line 3. Module ALU_bitserial doesn't have a timescale but at least one module in design has a timescale.
WARNING: [XSIM 43-4099] "/home/gary/Individual_Project/rtl/ALU_bitserial.sv" Line 3. Module ALU_bitserial doesn't have a timescale but at least one module in design has a timescale.
WARNING: [XSIM 43-4099] "/home/gary/Individual_Project/rtl/ALU_bitserial.sv" Line 3. Module ALU_bitserial doesn't have a timescale but at least one module in design has a timescale.
WARNING: [XSIM 43-4099] "/home/gary/Individual_Project/rtl/ALU_bitserial.sv" Line 3. Module ALU_bitserial doesn't have a timescale but at least one module in design has a timescale.
Completed simulation data flow analysis
Time Resolution for simulation is 1ps
Compiling module xil_defaultlib.Register_File(DEPTH=16)
Compiling module xil_defaultlib.ALU_bitserial
Compiling module xil_defaultlib.PE_Main
Compiling module xil_defaultlib.Array_Main_default
Compiling module xil_defaultlib.Control_FSM
Compiling module xil_defaultlib.Control_Decode
Compiling module xil_defaultlib.Control_Unit
Compiling module xil_defaultlib.Top
Compiling module xil_defaultlib.KernelTest_tb
Compiling module xil_defaultlib.glbl
Built simulation snapshot KernelTest_tb_behav
INFO: [USF-XSim-69] 'elaborate' step finished in '2' seconds
Time resolution is 1 ps
[TB] Loading image from /home/gary/Individual_Project/img/4x4_input.hex
LOAD (0,0) | Reg 1
LOAD (0,1) | Reg 1
LOAD (1,0) | Reg 1
relaunch_sim: Time (s): cpu = 00:00:06 ; elapsed = 00:00:06 . Memory (MB): peak = 10411.699 ; gain = 0.000 ; free physical = 4378 ; free virtual = 12621
run 10 us
LOAD (1,1) | Reg 1
====================================
            B = A + A North         
====================================
Vector NEWS | Move image up and add with A| Store B into 2
====================================
            C = B + B South         
====================================
Vector NEWS | Move img down and add with B | Store C into 3
====================================
                C east              
====================================
Vector NEWS | Move reg 3 to the east | Store C into 4
====================================
                C west              
====================================
Vector NEWS | Move reg 3 to the west | Store C into 5
====================================
           C east - C west          
====================================
Vector Sub | Add rs6 <- rs4 - rs5
STORE (0,0) | Reg 3
[TB] OUTPUT PIXEL: addr=0  val=00
STORE (0,1) | Reg 3
[TB] OUTPUT PIXEL: addr=4  val=14
STORE (1,0) | Reg 3
[TB] OUTPUT PIXEL: addr=8  val=00
STORE (1,1) | Reg 3
[TB] OUTPUT PIXEL: addr=12  val=28
Simulation completed.
$finish called at time : 4525 ns : File "/home/gary/Individual_Project/sim/KernelTest_tb.sv" Line 215
WARNING: [filemgmt 56-199] Attempt to get parsing info during refresh. "On-the-fly" syntax checking information may be incorrect. [/home/gary/Individual_Project/rtl/Register_File.sv:]
WARNING: [filemgmt 56-199] Attempt to get parsing info during refresh. "On-the-fly" syntax checking information may be incorrect. [/home/gary/Individual_Project/rtl/PE_main.sv:]
WARNING: [filemgmt 56-199] Attempt to get parsing info during refresh. "On-the-fly" syntax checking information may be incorrect. [/home/gary/Individual_Project/rtl/Array_main.sv:]
WARNING: [filemgmt 56-199] Attempt to get parsing info during refresh. "On-the-fly" syntax checking information may be incorrect. [/home/gary/Individual_Project/sim/KernelTest_tb.sv:]
WARNING: [filemgmt 56-199] Attempt to get parsing info during refresh. "On-the-fly" syntax checking information may be incorrect. [/home/gary/Individual_Project/rtl/ALU_bitserial.sv:]
WARNING: [filemgmt 56-199] Attempt to get parsing info during refresh. "On-the-fly" syntax checking information may be incorrect. [/home/gary/Individual_Project/rtl/PE_main.sv:]
WARNING: [filemgmt 56-199] Attempt to get parsing info during refresh. "On-the-fly" syntax checking information may be incorrect. [/home/gary/Individual_Project/rtl/PE_main.sv:]
WARNING: [filemgmt 56-199] Attempt to get parsing info during refresh. "On-the-fly" syntax checking information may be incorrect. [/home/gary/Individual_Project/rtl/Register_File.sv:]
WARNING: [filemgmt 56-199] Attempt to get parsing info during refresh. "On-the-fly" syntax checking information may be incorrect. [/home/gary/Individual_Project/rtl/PE_main.sv:]
WARNING: [filemgmt 56-199] Attempt to get parsing info during refresh. "On-the-fly" syntax checking information may be incorrect. [/home/gary/Individual_Project/rtl/Array_main.sv:]
WARNING: [filemgmt 56-199] Attempt to get parsing info during refresh. "On-the-fly" syntax checking information may be incorrect. [/home/gary/Individual_Project/sim/KernelTest_tb.sv:]
WARNING: [filemgmt 56-199] Attempt to get parsing info during refresh. "On-the-fly" syntax checking information may be incorrect. [/home/gary/Individual_Project/rtl/ALU_bitserial.sv:]
WARNING: [filemgmt 56-199] Attempt to get parsing info during refresh. "On-the-fly" syntax checking information may be incorrect. [/home/gary/Individual_Project/rtl/ALU_bitserial.sv:]
WARNING: [filemgmt 56-199] Attempt to get parsing info during refresh. "On-the-fly" syntax checking information may be incorrect. [/home/gary/Individual_Project/rtl/ALU_bitserial.sv:]
WARNING: [filemgmt 56-199] Attempt to get parsing info during refresh. "On-the-fly" syntax checking information may be incorrect. [/home/gary/Individual_Project/rtl/Register_File.sv:]
WARNING: [filemgmt 56-199] Attempt to get parsing info during refresh. "On-the-fly" syntax checking information may be incorrect. [/home/gary/Individual_Project/rtl/PE_main.sv:]
WARNING: [filemgmt 56-199] Attempt to get parsing info during refresh. "On-the-fly" syntax checking information may be incorrect. [/home/gary/Individual_Project/rtl/Array_main.sv:]
WARNING: [filemgmt 56-199] Attempt to get parsing info during refresh. "On-the-fly" syntax checking information may be incorrect. [/home/gary/Individual_Project/sim/KernelTest_tb.sv:]
WARNING: [filemgmt 56-199] Attempt to get parsing info during refresh. "On-the-fly" syntax checking information may be incorrect. [/home/gary/Individual_Project/rtl/ALU_bitserial.sv:]
WARNING: [filemgmt 56-199] Attempt to get parsing info during refresh. "On-the-fly" syntax checking information may be incorrect. [/home/gary/Individual_Project/rtl/Array_main.sv:]
WARNING: [filemgmt 56-199] Attempt to get parsing info during refresh. "On-the-fly" syntax checking information may be incorrect. [/home/gary/Individual_Project/rtl/Array_main.sv:]
WARNING: [filemgmt 56-199] Attempt to get parsing info during refresh. "On-the-fly" syntax checking information may be incorrect. [/home/gary/Individual_Project/sim/KernelTest_tb.sv:]
WARNING: [filemgmt 56-199] Attempt to get parsing info during refresh. "On-the-fly" syntax checking information may be incorrect. [/home/gary/Individual_Project/rtl/Top.sv:]
WARNING: [filemgmt 56-199] Attempt to get parsing info during refresh. "On-the-fly" syntax checking information may be incorrect. [/home/gary/Individual_Project/rtl/Top.sv:]
WARNING: [filemgmt 56-199] Attempt to get parsing info during refresh. "On-the-fly" syntax checking information may be incorrect. [/home/gary/Individual_Project/rtl/Top.sv:]
relaunch_sim
Command: launch_simulation -step compile -simset sim_1 -mode behavioral
INFO: [Vivado 12-12493] Simulation top is 'KernelTest_tb'
INFO: [Vivado 12-5682] Launching behavioral simulation in '/home/gary/Individual_Project_Vivado/Individual_Project_Vivado.sim/sim_1/behav/xsim'
INFO: [SIM-utils-51] Simulation object is 'sim_1'
INFO: [USF-XSim-2] XSim::Compile design
INFO: [USF-XSim-61] Executing 'COMPILE and ANALYZE' step in '/home/gary/Individual_Project_Vivado/Individual_Project_Vivado.sim/sim_1/behav/xsim'
xvlog --incr --relax -L uvm -prj KernelTest_tb_vlog.prj
INFO: [VRFC 10-2263] Analyzing SystemVerilog file "/home/gary/Individual_Project/rtl/ALU_bitserial.sv" into library xil_defaultlib
INFO: [VRFC 10-311] analyzing module ALU_bitserial
INFO: [VRFC 10-2263] Analyzing SystemVerilog file "/home/gary/Individual_Project/rtl/Array_main.sv" into library xil_defaultlib
INFO: [VRFC 10-311] analyzing module Array_Main
INFO: [VRFC 10-2263] Analyzing SystemVerilog file "/home/gary/Individual_Project/rtl/Control_Decode.sv" into library xil_defaultlib
INFO: [VRFC 10-311] analyzing module Control_Decode
INFO: [VRFC 10-2263] Analyzing SystemVerilog file "/home/gary/Individual_Project/rtl/Control_FSM.sv" into library xil_defaultlib
INFO: [VRFC 10-311] analyzing module Control_FSM
INFO: [VRFC 10-2263] Analyzing SystemVerilog file "/home/gary/Individual_Project/rtl/Control_unit.sv" into library xil_defaultlib
INFO: [VRFC 10-311] analyzing module Control_Unit
INFO: [VRFC 10-2263] Analyzing SystemVerilog file "/home/gary/Individual_Project/rtl/PE_main.sv" into library xil_defaultlib
INFO: [VRFC 10-311] analyzing module PE_Main
INFO: [VRFC 10-2263] Analyzing SystemVerilog file "/home/gary/Individual_Project/rtl/Register_File.sv" into library xil_defaultlib
INFO: [VRFC 10-311] analyzing module Register_File
INFO: [VRFC 10-2263] Analyzing SystemVerilog file "/home/gary/Individual_Project/rtl/Top.sv" into library xil_defaultlib
INFO: [VRFC 10-311] analyzing module Top
INFO: [VRFC 10-2263] Analyzing SystemVerilog file "/home/gary/Individual_Project/sim/KernelTest_tb.sv" into library xil_defaultlib
INFO: [VRFC 10-311] analyzing module KernelTest_tb
Waiting for jobs to finish...
No pending jobs, compilation finished.
INFO: [USF-XSim-69] 'compile' step finished in '1' seconds
Command: launch_simulation -step elaborate -simset sim_1 -mode behavioral
INFO: [Vivado 12-12493] Simulation top is 'KernelTest_tb'
INFO: [Vivado 12-5682] Launching behavioral simulation in '/home/gary/Individual_Project_Vivado/Individual_Project_Vivado.sim/sim_1/behav/xsim'
INFO: [SIM-utils-51] Simulation object is 'sim_1'
INFO: [USF-XSim-3] XSim::Elaborate design
INFO: [USF-XSim-61] Executing 'ELABORATE' step in '/home/gary/Individual_Project_Vivado/Individual_Project_Vivado.sim/sim_1/behav/xsim'
xelab --incr --debug typical --relax --mt 8 -L xil_defaultlib -L uvm -L unisims_ver -L unimacro_ver -L secureip --snapshot KernelTest_tb_behav xil_defaultlib.KernelTest_tb xil_defaultlib.glbl -log elaborate.log
Vivado Simulator v2025.1.0
Copyright 1986-2022 Xilinx, Inc. All Rights Reserved.
Copyright 2022-2025 Advanced Micro Devices, Inc. All Rights Reserved.
Running: /tools/Xilinx/2025.1/Vivado/bin/unwrapped/lnx64.o/xelab --incr --debug typical --relax --mt 8 -L xil_defaultlib -L uvm -L unisims_ver -L unimacro_ver -L secureip --snapshot KernelTest_tb_behav xil_defaultlib.KernelTest_tb xil_defaultlib.glbl -log elaborate.log 
Using 8 slave threads.
WARNING: [XSIM 43-3431] One or more environment variables have been detected which affect the operation of the C compiler. These are typically not set in standard installations and are not tested by AMD, however they may be appropriate for your system, so the flow will attempt to continue.  If errors occur, try running xelab with the "-mt off -v 1" switches to see more information from the C compiler. The following environment variables have been detected:
    LIBRARY_PATH
Starting static elaboration
Pass Through NonSizing Optimizer
WARNING: [VRFC 10-3091] actual bit length 2 differs from formal bit length 1 for port 'i_wb_sel' [/home/gary/Individual_Project/rtl/Top.sv:56]
WARNING: [VRFC 10-3091] actual bit length 5 differs from formal bit length 4 for port 'i_rd1_addr' [/home/gary/Individual_Project/rtl/Array_main.sv:98]
WARNING: [VRFC 10-3091] actual bit length 5 differs from formal bit length 4 for port 'i_rd2_addr' [/home/gary/Individual_Project/rtl/Array_main.sv:99]
WARNING: [VRFC 10-3091] actual bit length 5 differs from formal bit length 4 for port 'i_wr_addr' [/home/gary/Individual_Project/rtl/Array_main.sv:100]
WARNING: [VRFC 10-3091] actual bit length 2 differs from formal bit length 1 for port 'o_wb_sel' [/home/gary/Individual_Project/rtl/Top.sv:87]
WARNING: [VRFC 10-3818] variable 'array_data_in' is driven by invalid combination of procedural drivers [/home/gary/Individual_Project/sim/KernelTest_tb.sv:28]
WARNING: [VRFC 10-2921] 'array_data_in' driven by this always_ff block should not be driven by any other process [/home/gary/Individual_Project/sim/KernelTest_tb.sv:84]
Completed static elaboration
Starting simulation data flow analysis
WARNING: [XSIM 43-4099] "/home/gary/Individual_Project/rtl/ALU_bitserial.sv" Line 3. Module ALU_bitserial doesn't have a timescale but at least one module in design has a timescale.
WARNING: [XSIM 43-4099] "/home/gary/Individual_Project/rtl/ALU_bitserial.sv" Line 3. Module ALU_bitserial doesn't have a timescale but at least one module in design has a timescale.
WARNING: [XSIM 43-4099] "/home/gary/Individual_Project/rtl/ALU_bitserial.sv" Line 3. Module ALU_bitserial doesn't have a timescale but at least one module in design has a timescale.
WARNING: [XSIM 43-4099] "/home/gary/Individual_Project/rtl/ALU_bitserial.sv" Line 3. Module ALU_bitserial doesn't have a timescale but at least one module in design has a timescale.
WARNING: [XSIM 43-4099] "/home/gary/Individual_Project/rtl/ALU_bitserial.sv" Line 3. Module ALU_bitserial doesn't have a timescale but at least one module in design has a timescale.
WARNING: [XSIM 43-4099] "/home/gary/Individual_Project/rtl/ALU_bitserial.sv" Line 3. Module ALU_bitserial doesn't have a timescale but at least one module in design has a timescale.
WARNING: [XSIM 43-4099] "/home/gary/Individual_Project/rtl/ALU_bitserial.sv" Line 3. Module ALU_bitserial doesn't have a timescale but at least one module in design has a timescale.
WARNING: [XSIM 43-4099] "/home/gary/Individual_Project/rtl/ALU_bitserial.sv" Line 3. Module ALU_bitserial doesn't have a timescale but at least one module in design has a timescale.
WARNING: [XSIM 43-4099] "/home/gary/Individual_Project/rtl/ALU_bitserial.sv" Line 3. Module ALU_bitserial doesn't have a timescale but at least one module in design has a timescale.
WARNING: [XSIM 43-4099] "/home/gary/Individual_Project/rtl/ALU_bitserial.sv" Line 3. Module ALU_bitserial doesn't have a timescale but at least one module in design has a timescale.
WARNING: [XSIM 43-4099] "/home/gary/Individual_Project/rtl/ALU_bitserial.sv" Line 3. Module ALU_bitserial doesn't have a timescale but at least one module in design has a timescale.
WARNING: [XSIM 43-4099] "/home/gary/Individual_Project/rtl/ALU_bitserial.sv" Line 3. Module ALU_bitserial doesn't have a timescale but at least one module in design has a timescale.
WARNING: [XSIM 43-4099] "/home/gary/Individual_Project/rtl/ALU_bitserial.sv" Line 3. Module ALU_bitserial doesn't have a timescale but at least one module in design has a timescale.
WARNING: [XSIM 43-4099] "/home/gary/Individual_Project/rtl/ALU_bitserial.sv" Line 3. Module ALU_bitserial doesn't have a timescale but at least one module in design has a timescale.
WARNING: [XSIM 43-4099] "/home/gary/Individual_Project/rtl/ALU_bitserial.sv" Line 3. Module ALU_bitserial doesn't have a timescale but at least one module in design has a timescale.
WARNING: [XSIM 43-4099] "/home/gary/Individual_Project/rtl/ALU_bitserial.sv" Line 3. Module ALU_bitserial doesn't have a timescale but at least one module in design has a timescale.
WARNING: [XSIM 43-4099] "/home/gary/Individual_Project/rtl/ALU_bitserial.sv" Line 3. Module ALU_bitserial doesn't have a timescale but at least one module in design has a timescale.
WARNING: [XSIM 43-4099] "/home/gary/Individual_Project/rtl/ALU_bitserial.sv" Line 3. Module ALU_bitserial doesn't have a timescale but at least one module in design has a timescale.
WARNING: [XSIM 43-4099] "/home/gary/Individual_Project/rtl/ALU_bitserial.sv" Line 3. Module ALU_bitserial doesn't have a timescale but at least one module in design has a timescale.
WARNING: [XSIM 43-4099] "/home/gary/Individual_Project/rtl/ALU_bitserial.sv" Line 3. Module ALU_bitserial doesn't have a timescale but at least one module in design has a timescale.
WARNING: [XSIM 43-4099] "/home/gary/Individual_Project/rtl/ALU_bitserial.sv" Line 3. Module ALU_bitserial doesn't have a timescale but at least one module in design has a timescale.
WARNING: [XSIM 43-4099] "/home/gary/Individual_Project/rtl/ALU_bitserial.sv" Line 3. Module ALU_bitserial doesn't have a timescale but at least one module in design has a timescale.
WARNING: [XSIM 43-4099] "/home/gary/Individual_Project/rtl/ALU_bitserial.sv" Line 3. Module ALU_bitserial doesn't have a timescale but at least one module in design has a timescale.
WARNING: [XSIM 43-4099] "/home/gary/Individual_Project/rtl/ALU_bitserial.sv" Line 3. Module ALU_bitserial doesn't have a timescale but at least one module in design has a timescale.
WARNING: [XSIM 43-4099] "/home/gary/Individual_Project/rtl/ALU_bitserial.sv" Line 3. Module ALU_bitserial doesn't have a timescale but at least one module in design has a timescale.
WARNING: [XSIM 43-4099] "/home/gary/Individual_Project/rtl/ALU_bitserial.sv" Line 3. Module ALU_bitserial doesn't have a timescale but at least one module in design has a timescale.
WARNING: [XSIM 43-4099] "/home/gary/Individual_Project/rtl/ALU_bitserial.sv" Line 3. Module ALU_bitserial doesn't have a timescale but at least one module in design has a timescale.
WARNING: [XSIM 43-4099] "/home/gary/Individual_Project/rtl/ALU_bitserial.sv" Line 3. Module ALU_bitserial doesn't have a timescale but at least one module in design has a timescale.
WARNING: [XSIM 43-4099] "/home/gary/Individual_Project/rtl/ALU_bitserial.sv" Line 3. Module ALU_bitserial doesn't have a timescale but at least one module in design has a timescale.
WARNING: [XSIM 43-4099] "/home/gary/Individual_Project/rtl/ALU_bitserial.sv" Line 3. Module ALU_bitserial doesn't have a timescale but at least one module in design has a timescale.
WARNING: [XSIM 43-4099] "/home/gary/Individual_Project/rtl/ALU_bitserial.sv" Line 3. Module ALU_bitserial doesn't have a timescale but at least one module in design has a timescale.
WARNING: [XSIM 43-4099] "/home/gary/Individual_Project/rtl/ALU_bitserial.sv" Line 3. Module ALU_bitserial doesn't have a timescale but at least one module in design has a timescale.
Completed simulation data flow analysis
Time Resolution for simulation is 1ps
Compiling module xil_defaultlib.Register_File(DEPTH=16)
Compiling module xil_defaultlib.ALU_bitserial
Compiling module xil_defaultlib.PE_Main
Compiling module xil_defaultlib.Array_Main(ROWS=4,COLS=4)
Compiling module xil_defaultlib.Control_FSM
Compiling module xil_defaultlib.Control_Decode
Compiling module xil_defaultlib.Control_Unit
Compiling module xil_defaultlib.Top
Compiling module xil_defaultlib.KernelTest_tb
Compiling module xil_defaultlib.glbl
Built simulation snapshot KernelTest_tb_behav
INFO: [USF-XSim-69] 'elaborate' step finished in '2' seconds
Time resolution is 1 ps
[TB] Loading image from /home/gary/Individual_Project/img/4x4_input.hex
LOAD (0,0) | Reg 1
LOAD (0,1) | Reg 1
LOAD (0,2) | Reg 1
relaunch_sim: Time (s): cpu = 00:00:06 ; elapsed = 00:00:07 . Memory (MB): peak = 10451.699 ; gain = 0.000 ; free physical = 4521 ; free virtual = 12768
run 10 us
LOAD (0,3) | Reg 1
LOAD (1,0) | Reg 1
LOAD (1,1) | Reg 1
LOAD (1,2) | Reg 1
LOAD (1,3) | Reg 1
LOAD (2,0) | Reg 1
LOAD (2,1) | Reg 1
LOAD (2,2) | Reg 1
LOAD (2,3) | Reg 1
LOAD (3,0) | Reg 1
LOAD (3,1) | Reg 1
LOAD (3,2) | Reg 1
LOAD (3,3) | Reg 1
====================================
            B = A + A North         
====================================
Vector NEWS | Move image up and add with A| Store B into 2
====================================
            C = B + B South         
====================================
Vector NEWS | Move img down and add with B | Store C into 3
====================================
                C east              
====================================
Vector NEWS | Move reg 3 to the east | Store C into 4
====================================
                C west              
====================================
Vector NEWS | Move reg 3 to the west | Store C into 5
====================================
           C east - C west          
====================================
Vector Sub | Add rs6 <- rs4 - rs5
STORE (0,0) | Reg 3
[TB] OUTPUT PIXEL: addr=0  val=00
STORE (0,1) | Reg 3
[TB] OUTPUT PIXEL: addr=4  val=00
STORE (0,2) | Reg 3
[TB] OUTPUT PIXEL: addr=8  val=00
STORE (0,3) | Reg 3
[TB] OUTPUT PIXEL: addr=12  val=50
STORE (1,0) | Reg 3
[TB] OUTPUT PIXEL: addr=16  val=00
STORE (1,1) | Reg 3
[TB] OUTPUT PIXEL: addr=20  val=00
STORE (1,2) | Reg 3
[TB] OUTPUT PIXEL: addr=24  val=00
STORE (1,3) | Reg 3
[TB] OUTPUT PIXEL: addr=28  val=f0
STORE (2,0) | Reg 3
[TB] OUTPUT PIXEL: addr=32  val=00
STORE (2,1) | Reg 3
[TB] OUTPUT PIXEL: addr=36  val=00
STORE (2,2) | Reg 3
run 10 us
[TB] OUTPUT PIXEL: addr=40  val=00
STORE (2,3) | Reg 3
[TB] OUTPUT PIXEL: addr=44  val=ff
STORE (3,0) | Reg 3
[TB] OUTPUT PIXEL: addr=48  val=00
STORE (3,1) | Reg 3
[TB] OUTPUT PIXEL: addr=52  val=00
STORE (3,2) | Reg 3
[TB] OUTPUT PIXEL: addr=56  val=00
STORE (3,3) | Reg 3
[TB] OUTPUT PIXEL: addr=60  val=ff
Simulation completed.
$finish called at time : 12805 ns : File "/home/gary/Individual_Project/sim/KernelTest_tb.sv" Line 215
relaunch_sim
Command: launch_simulation -step compile -simset sim_1 -mode behavioral
INFO: [Vivado 12-12493] Simulation top is 'KernelTest_tb'
INFO: [Vivado 12-5682] Launching behavioral simulation in '/home/gary/Individual_Project_Vivado/Individual_Project_Vivado.sim/sim_1/behav/xsim'
INFO: [SIM-utils-51] Simulation object is 'sim_1'
INFO: [USF-XSim-2] XSim::Compile design
INFO: [USF-XSim-61] Executing 'COMPILE and ANALYZE' step in '/home/gary/Individual_Project_Vivado/Individual_Project_Vivado.sim/sim_1/behav/xsim'
xvlog --incr --relax -L uvm -prj KernelTest_tb_vlog.prj
INFO: [VRFC 10-2263] Analyzing SystemVerilog file "/home/gary/Individual_Project/rtl/ALU_bitserial.sv" into library xil_defaultlib
INFO: [VRFC 10-311] analyzing module ALU_bitserial
INFO: [VRFC 10-2263] Analyzing SystemVerilog file "/home/gary/Individual_Project/rtl/Array_main.sv" into library xil_defaultlib
INFO: [VRFC 10-311] analyzing module Array_Main
INFO: [VRFC 10-2263] Analyzing SystemVerilog file "/home/gary/Individual_Project/rtl/Control_Decode.sv" into library xil_defaultlib
INFO: [VRFC 10-311] analyzing module Control_Decode
INFO: [VRFC 10-2263] Analyzing SystemVerilog file "/home/gary/Individual_Project/rtl/Control_FSM.sv" into library xil_defaultlib
INFO: [VRFC 10-311] analyzing module Control_FSM
INFO: [VRFC 10-2263] Analyzing SystemVerilog file "/home/gary/Individual_Project/rtl/Control_unit.sv" into library xil_defaultlib
INFO: [VRFC 10-311] analyzing module Control_Unit
INFO: [VRFC 10-2263] Analyzing SystemVerilog file "/home/gary/Individual_Project/rtl/PE_main.sv" into library xil_defaultlib
INFO: [VRFC 10-311] analyzing module PE_Main
INFO: [VRFC 10-2263] Analyzing SystemVerilog file "/home/gary/Individual_Project/rtl/Register_File.sv" into library xil_defaultlib
INFO: [VRFC 10-311] analyzing module Register_File
INFO: [VRFC 10-2263] Analyzing SystemVerilog file "/home/gary/Individual_Project/rtl/Top.sv" into library xil_defaultlib
INFO: [VRFC 10-311] analyzing module Top
INFO: [VRFC 10-2263] Analyzing SystemVerilog file "/home/gary/Individual_Project/sim/KernelTest_tb.sv" into library xil_defaultlib
INFO: [VRFC 10-311] analyzing module KernelTest_tb
Waiting for jobs to finish...
No pending jobs, compilation finished.
INFO: [USF-XSim-69] 'compile' step finished in '1' seconds
Command: launch_simulation -step elaborate -simset sim_1 -mode behavioral
INFO: [Vivado 12-12493] Simulation top is 'KernelTest_tb'
INFO: [Vivado 12-5682] Launching behavioral simulation in '/home/gary/Individual_Project_Vivado/Individual_Project_Vivado.sim/sim_1/behav/xsim'
INFO: [SIM-utils-51] Simulation object is 'sim_1'
INFO: [USF-XSim-3] XSim::Elaborate design
INFO: [USF-XSim-61] Executing 'ELABORATE' step in '/home/gary/Individual_Project_Vivado/Individual_Project_Vivado.sim/sim_1/behav/xsim'
xelab --incr --debug typical --relax --mt 8 -L xil_defaultlib -L uvm -L unisims_ver -L unimacro_ver -L secureip --snapshot KernelTest_tb_behav xil_defaultlib.KernelTest_tb xil_defaultlib.glbl -log elaborate.log
Vivado Simulator v2025.1.0
Copyright 1986-2022 Xilinx, Inc. All Rights Reserved.
Copyright 2022-2025 Advanced Micro Devices, Inc. All Rights Reserved.
Running: /tools/Xilinx/2025.1/Vivado/bin/unwrapped/lnx64.o/xelab --incr --debug typical --relax --mt 8 -L xil_defaultlib -L uvm -L unisims_ver -L unimacro_ver -L secureip --snapshot KernelTest_tb_behav xil_defaultlib.KernelTest_tb xil_defaultlib.glbl -log elaborate.log 
Using 8 slave threads.
WARNING: [XSIM 43-3431] One or more environment variables have been detected which affect the operation of the C compiler. These are typically not set in standard installations and are not tested by AMD, however they may be appropriate for your system, so the flow will attempt to continue.  If errors occur, try running xelab with the "-mt off -v 1" switches to see more information from the C compiler. The following environment variables have been detected:
    LIBRARY_PATH
Starting static elaboration
Pass Through NonSizing Optimizer
WARNING: [VRFC 10-3091] actual bit length 2 differs from formal bit length 1 for port 'i_wb_sel' [/home/gary/Individual_Project/rtl/Top.sv:56]
WARNING: [VRFC 10-3091] actual bit length 5 differs from formal bit length 4 for port 'i_rd1_addr' [/home/gary/Individual_Project/rtl/Array_main.sv:98]
WARNING: [VRFC 10-3091] actual bit length 5 differs from formal bit length 4 for port 'i_rd2_addr' [/home/gary/Individual_Project/rtl/Array_main.sv:99]
WARNING: [VRFC 10-3091] actual bit length 5 differs from formal bit length 4 for port 'i_wr_addr' [/home/gary/Individual_Project/rtl/Array_main.sv:100]
WARNING: [VRFC 10-3091] actual bit length 2 differs from formal bit length 1 for port 'o_wb_sel' [/home/gary/Individual_Project/rtl/Top.sv:87]
WARNING: [VRFC 10-3818] variable 'array_data_in' is driven by invalid combination of procedural drivers [/home/gary/Individual_Project/sim/KernelTest_tb.sv:28]
WARNING: [VRFC 10-2921] 'array_data_in' driven by this always_ff block should not be driven by any other process [/home/gary/Individual_Project/sim/KernelTest_tb.sv:84]
Completed static elaboration
Starting simulation data flow analysis
WARNING: [XSIM 43-4099] "/home/gary/Individual_Project/rtl/ALU_bitserial.sv" Line 3. Module ALU_bitserial doesn't have a timescale but at least one module in design has a timescale.
WARNING: [XSIM 43-4099] "/home/gary/Individual_Project/rtl/ALU_bitserial.sv" Line 3. Module ALU_bitserial doesn't have a timescale but at least one module in design has a timescale.
WARNING: [XSIM 43-4099] "/home/gary/Individual_Project/rtl/ALU_bitserial.sv" Line 3. Module ALU_bitserial doesn't have a timescale but at least one module in design has a timescale.
WARNING: [XSIM 43-4099] "/home/gary/Individual_Project/rtl/ALU_bitserial.sv" Line 3. Module ALU_bitserial doesn't have a timescale but at least one module in design has a timescale.
WARNING: [XSIM 43-4099] "/home/gary/Individual_Project/rtl/ALU_bitserial.sv" Line 3. Module ALU_bitserial doesn't have a timescale but at least one module in design has a timescale.
WARNING: [XSIM 43-4099] "/home/gary/Individual_Project/rtl/ALU_bitserial.sv" Line 3. Module ALU_bitserial doesn't have a timescale but at least one module in design has a timescale.
WARNING: [XSIM 43-4099] "/home/gary/Individual_Project/rtl/ALU_bitserial.sv" Line 3. Module ALU_bitserial doesn't have a timescale but at least one module in design has a timescale.
WARNING: [XSIM 43-4099] "/home/gary/Individual_Project/rtl/ALU_bitserial.sv" Line 3. Module ALU_bitserial doesn't have a timescale but at least one module in design has a timescale.
WARNING: [XSIM 43-4099] "/home/gary/Individual_Project/rtl/ALU_bitserial.sv" Line 3. Module ALU_bitserial doesn't have a timescale but at least one module in design has a timescale.
WARNING: [XSIM 43-4099] "/home/gary/Individual_Project/rtl/ALU_bitserial.sv" Line 3. Module ALU_bitserial doesn't have a timescale but at least one module in design has a timescale.
WARNING: [XSIM 43-4099] "/home/gary/Individual_Project/rtl/ALU_bitserial.sv" Line 3. Module ALU_bitserial doesn't have a timescale but at least one module in design has a timescale.
WARNING: [XSIM 43-4099] "/home/gary/Individual_Project/rtl/ALU_bitserial.sv" Line 3. Module ALU_bitserial doesn't have a timescale but at least one module in design has a timescale.
WARNING: [XSIM 43-4099] "/home/gary/Individual_Project/rtl/ALU_bitserial.sv" Line 3. Module ALU_bitserial doesn't have a timescale but at least one module in design has a timescale.
WARNING: [XSIM 43-4099] "/home/gary/Individual_Project/rtl/ALU_bitserial.sv" Line 3. Module ALU_bitserial doesn't have a timescale but at least one module in design has a timescale.
WARNING: [XSIM 43-4099] "/home/gary/Individual_Project/rtl/ALU_bitserial.sv" Line 3. Module ALU_bitserial doesn't have a timescale but at least one module in design has a timescale.
WARNING: [XSIM 43-4099] "/home/gary/Individual_Project/rtl/ALU_bitserial.sv" Line 3. Module ALU_bitserial doesn't have a timescale but at least one module in design has a timescale.
WARNING: [XSIM 43-4099] "/home/gary/Individual_Project/rtl/ALU_bitserial.sv" Line 3. Module ALU_bitserial doesn't have a timescale but at least one module in design has a timescale.
WARNING: [XSIM 43-4099] "/home/gary/Individual_Project/rtl/ALU_bitserial.sv" Line 3. Module ALU_bitserial doesn't have a timescale but at least one module in design has a timescale.
WARNING: [XSIM 43-4099] "/home/gary/Individual_Project/rtl/ALU_bitserial.sv" Line 3. Module ALU_bitserial doesn't have a timescale but at least one module in design has a timescale.
WARNING: [XSIM 43-4099] "/home/gary/Individual_Project/rtl/ALU_bitserial.sv" Line 3. Module ALU_bitserial doesn't have a timescale but at least one module in design has a timescale.
WARNING: [XSIM 43-4099] "/home/gary/Individual_Project/rtl/ALU_bitserial.sv" Line 3. Module ALU_bitserial doesn't have a timescale but at least one module in design has a timescale.
WARNING: [XSIM 43-4099] "/home/gary/Individual_Project/rtl/ALU_bitserial.sv" Line 3. Module ALU_bitserial doesn't have a timescale but at least one module in design has a timescale.
WARNING: [XSIM 43-4099] "/home/gary/Individual_Project/rtl/ALU_bitserial.sv" Line 3. Module ALU_bitserial doesn't have a timescale but at least one module in design has a timescale.
WARNING: [XSIM 43-4099] "/home/gary/Individual_Project/rtl/ALU_bitserial.sv" Line 3. Module ALU_bitserial doesn't have a timescale but at least one module in design has a timescale.
WARNING: [XSIM 43-4099] "/home/gary/Individual_Project/rtl/ALU_bitserial.sv" Line 3. Module ALU_bitserial doesn't have a timescale but at least one module in design has a timescale.
WARNING: [XSIM 43-4099] "/home/gary/Individual_Project/rtl/ALU_bitserial.sv" Line 3. Module ALU_bitserial doesn't have a timescale but at least one module in design has a timescale.
WARNING: [XSIM 43-4099] "/home/gary/Individual_Project/rtl/ALU_bitserial.sv" Line 3. Module ALU_bitserial doesn't have a timescale but at least one module in design has a timescale.
WARNING: [XSIM 43-4099] "/home/gary/Individual_Project/rtl/ALU_bitserial.sv" Line 3. Module ALU_bitserial doesn't have a timescale but at least one module in design has a timescale.
WARNING: [XSIM 43-4099] "/home/gary/Individual_Project/rtl/ALU_bitserial.sv" Line 3. Module ALU_bitserial doesn't have a timescale but at least one module in design has a timescale.
WARNING: [XSIM 43-4099] "/home/gary/Individual_Project/rtl/ALU_bitserial.sv" Line 3. Module ALU_bitserial doesn't have a timescale but at least one module in design has a timescale.
WARNING: [XSIM 43-4099] "/home/gary/Individual_Project/rtl/ALU_bitserial.sv" Line 3. Module ALU_bitserial doesn't have a timescale but at least one module in design has a timescale.
WARNING: [XSIM 43-4099] "/home/gary/Individual_Project/rtl/ALU_bitserial.sv" Line 3. Module ALU_bitserial doesn't have a timescale but at least one module in design has a timescale.
Completed simulation data flow analysis
Time Resolution for simulation is 1ps
Compiling module xil_defaultlib.Register_File(DEPTH=16)
Compiling module xil_defaultlib.ALU_bitserial
Compiling module xil_defaultlib.PE_Main
Compiling module xil_defaultlib.Array_Main(ROWS=4,COLS=4)
Compiling module xil_defaultlib.Control_FSM
Compiling module xil_defaultlib.Control_Decode
Compiling module xil_defaultlib.Control_Unit
Compiling module xil_defaultlib.Top
Compiling module xil_defaultlib.KernelTest_tb
Compiling module xil_defaultlib.glbl
Built simulation snapshot KernelTest_tb_behav
INFO: [USF-XSim-69] 'elaborate' step finished in '2' seconds
Time resolution is 1 ps
[TB] Loading image from /home/gary/Individual_Project/img/4x4_input.hex
LOAD (0,0) | Reg 1
LOAD (0,1) | Reg 1
LOAD (0,2) | Reg 1
relaunch_sim: Time (s): cpu = 00:00:06 ; elapsed = 00:00:07 . Memory (MB): peak = 10451.699 ; gain = 0.000 ; free physical = 4450 ; free virtual = 12713
run 10 us
LOAD (0,3) | Reg 1
LOAD (1,0) | Reg 1
LOAD (1,1) | Reg 1
LOAD (1,2) | Reg 1
LOAD (1,3) | Reg 1
LOAD (2,0) | Reg 1
LOAD (2,1) | Reg 1
LOAD (2,2) | Reg 1
LOAD (2,3) | Reg 1
LOAD (3,0) | Reg 1
LOAD (3,1) | Reg 1
LOAD (3,2) | Reg 1
LOAD (3,3) | Reg 1
====================================
            B = A + A North         
====================================
Vector NEWS | Move image up and add with A| Store B into 2
====================================
            C = B + B South         
====================================
Vector NEWS | Move img down and add with B | Store C into 3
====================================
                C east              
====================================
Vector NEWS | Move reg 3 to the east | Store C into 4
====================================
                C west              
====================================
Vector NEWS | Move reg 3 to the west | Store C into 5
====================================
           C east - C west          
====================================
Vector Sub | Add rs6 <- rs4 - rs5
STORE (0,0) | Reg 3
[TB] OUTPUT PIXEL: addr=0  val=00
STORE (0,1) | Reg 3
[TB] OUTPUT PIXEL: addr=4  val=00
STORE (0,2) | Reg 3
[TB] OUTPUT PIXEL: addr=8  val=00
STORE (0,3) | Reg 3
[TB] OUTPUT PIXEL: addr=12  val=a0
STORE (1,0) | Reg 3
[TB] OUTPUT PIXEL: addr=16  val=00
STORE (1,1) | Reg 3
[TB] OUTPUT PIXEL: addr=20  val=00
STORE (1,2) | Reg 3
[TB] OUTPUT PIXEL: addr=24  val=00
STORE (1,3) | Reg 3
[TB] OUTPUT PIXEL: addr=28  val=ff
STORE (2,0) | Reg 3
[TB] OUTPUT PIXEL: addr=32  val=00
STORE (2,1) | Reg 3
[TB] OUTPUT PIXEL: addr=36  val=00
STORE (2,2) | Reg 3
run 10 us
[TB] OUTPUT PIXEL: addr=40  val=00
STORE (2,3) | Reg 3
[TB] OUTPUT PIXEL: addr=44  val=ff
STORE (3,0) | Reg 3
[TB] OUTPUT PIXEL: addr=48  val=00
STORE (3,1) | Reg 3
[TB] OUTPUT PIXEL: addr=52  val=00
STORE (3,2) | Reg 3
[TB] OUTPUT PIXEL: addr=56  val=00
STORE (3,3) | Reg 3
[TB] OUTPUT PIXEL: addr=60  val=f0
Simulation completed.
$finish called at time : 12805 ns : File "/home/gary/Individual_Project/sim/KernelTest_tb.sv" Line 215
relaunch_sim
Command: launch_simulation -step compile -simset sim_1 -mode behavioral
INFO: [Vivado 12-12493] Simulation top is 'KernelTest_tb'
INFO: [Vivado 12-5682] Launching behavioral simulation in '/home/gary/Individual_Project_Vivado/Individual_Project_Vivado.sim/sim_1/behav/xsim'
INFO: [SIM-utils-51] Simulation object is 'sim_1'
INFO: [USF-XSim-2] XSim::Compile design
INFO: [USF-XSim-61] Executing 'COMPILE and ANALYZE' step in '/home/gary/Individual_Project_Vivado/Individual_Project_Vivado.sim/sim_1/behav/xsim'
xvlog --incr --relax -L uvm -prj KernelTest_tb_vlog.prj
Waiting for jobs to finish...
No pending jobs, compilation finished.
INFO: [USF-XSim-69] 'compile' step finished in '1' seconds
Command: launch_simulation -step elaborate -simset sim_1 -mode behavioral
INFO: [Vivado 12-12493] Simulation top is 'KernelTest_tb'
INFO: [Vivado 12-5682] Launching behavioral simulation in '/home/gary/Individual_Project_Vivado/Individual_Project_Vivado.sim/sim_1/behav/xsim'
INFO: [SIM-utils-51] Simulation object is 'sim_1'
INFO: [USF-XSim-3] XSim::Elaborate design
INFO: [USF-XSim-61] Executing 'ELABORATE' step in '/home/gary/Individual_Project_Vivado/Individual_Project_Vivado.sim/sim_1/behav/xsim'
xelab --incr --debug typical --relax --mt 8 -L xil_defaultlib -L uvm -L unisims_ver -L unimacro_ver -L secureip --snapshot KernelTest_tb_behav xil_defaultlib.KernelTest_tb xil_defaultlib.glbl -log elaborate.log
Vivado Simulator v2025.1.0
Copyright 1986-2022 Xilinx, Inc. All Rights Reserved.
Copyright 2022-2025 Advanced Micro Devices, Inc. All Rights Reserved.
Running: /tools/Xilinx/2025.1/Vivado/bin/unwrapped/lnx64.o/xelab --incr --debug typical --relax --mt 8 -L xil_defaultlib -L uvm -L unisims_ver -L unimacro_ver -L secureip --snapshot KernelTest_tb_behav xil_defaultlib.KernelTest_tb xil_defaultlib.glbl -log elaborate.log 
Using 8 slave threads.
WARNING: [XSIM 43-3431] One or more environment variables have been detected which affect the operation of the C compiler. These are typically not set in standard installations and are not tested by AMD, however they may be appropriate for your system, so the flow will attempt to continue.  If errors occur, try running xelab with the "-mt off -v 1" switches to see more information from the C compiler. The following environment variables have been detected:
    LIBRARY_PATH
Starting static elaboration
Pass Through NonSizing Optimizer
WARNING: [VRFC 10-3091] actual bit length 2 differs from formal bit length 1 for port 'i_wb_sel' [/home/gary/Individual_Project/rtl/Top.sv:56]
WARNING: [VRFC 10-3091] actual bit length 5 differs from formal bit length 4 for port 'i_rd1_addr' [/home/gary/Individual_Project/rtl/Array_main.sv:98]
WARNING: [VRFC 10-3091] actual bit length 5 differs from formal bit length 4 for port 'i_rd2_addr' [/home/gary/Individual_Project/rtl/Array_main.sv:99]
WARNING: [VRFC 10-3091] actual bit length 5 differs from formal bit length 4 for port 'i_wr_addr' [/home/gary/Individual_Project/rtl/Array_main.sv:100]
WARNING: [VRFC 10-3091] actual bit length 2 differs from formal bit length 1 for port 'o_wb_sel' [/home/gary/Individual_Project/rtl/Top.sv:87]
WARNING: [VRFC 10-3818] variable 'array_data_in' is driven by invalid combination of procedural drivers [/home/gary/Individual_Project/sim/KernelTest_tb.sv:28]
WARNING: [VRFC 10-2921] 'array_data_in' driven by this always_ff block should not be driven by any other process [/home/gary/Individual_Project/sim/KernelTest_tb.sv:84]
Completed static elaboration
INFO: [XSIM 43-4323] No Change in HDL. Linking previously generated obj files to create kernel
INFO: [USF-XSim-69] 'elaborate' step finished in '1' seconds
Time resolution is 1 ps
[TB] Loading image from /home/gary/Individual_Project/img/4x4_input.hex
LOAD (0,0) | Reg 1
LOAD (0,1) | Reg 1
LOAD (0,2) | Reg 1
relaunch_sim: Time (s): cpu = 00:00:05 ; elapsed = 00:00:06 . Memory (MB): peak = 10451.699 ; gain = 0.000 ; free physical = 4442 ; free virtual = 12696
run 10 us
LOAD (0,3) | Reg 1
LOAD (1,0) | Reg 1
LOAD (1,1) | Reg 1
LOAD (1,2) | Reg 1
LOAD (1,3) | Reg 1
LOAD (2,0) | Reg 1
LOAD (2,1) | Reg 1
LOAD (2,2) | Reg 1
LOAD (2,3) | Reg 1
LOAD (3,0) | Reg 1
LOAD (3,1) | Reg 1
LOAD (3,2) | Reg 1
LOAD (3,3) | Reg 1
====================================
            B = A + A North         
====================================
Vector NEWS | Move image up and add with A| Store B into 2
====================================
            C = B + B South         
====================================
Vector NEWS | Move img down and add with B | Store C into 3
====================================
                C east              
====================================
Vector NEWS | Move reg 3 to the east | Store C into 4
====================================
                C west              
====================================
Vector NEWS | Move reg 3 to the west | Store C into 5
====================================
           C east - C west          
====================================
Vector Sub | Add rs6 <- rs4 - rs5
STORE (0,0) | Reg 3
[TB] OUTPUT PIXEL: addr=0  val=00
STORE (0,1) | Reg 3
[TB] OUTPUT PIXEL: addr=4  val=00
STORE (0,2) | Reg 3
[TB] OUTPUT PIXEL: addr=8  val=00
STORE (0,3) | Reg 3
[TB] OUTPUT PIXEL: addr=12  val=a0
STORE (1,0) | Reg 3
[TB] OUTPUT PIXEL: addr=16  val=00
STORE (1,1) | Reg 3
[TB] OUTPUT PIXEL: addr=20  val=00
STORE (1,2) | Reg 3
[TB] OUTPUT PIXEL: addr=24  val=00
STORE (1,3) | Reg 3
[TB] OUTPUT PIXEL: addr=28  val=ff
STORE (2,0) | Reg 3
[TB] OUTPUT PIXEL: addr=32  val=00
STORE (2,1) | Reg 3
[TB] OUTPUT PIXEL: addr=36  val=00
STORE (2,2) | Reg 3
run 10 us
[TB] OUTPUT PIXEL: addr=40  val=00
STORE (2,3) | Reg 3
[TB] OUTPUT PIXEL: addr=44  val=ff
STORE (3,0) | Reg 3
[TB] OUTPUT PIXEL: addr=48  val=00
STORE (3,1) | Reg 3
[TB] OUTPUT PIXEL: addr=52  val=00
STORE (3,2) | Reg 3
[TB] OUTPUT PIXEL: addr=56  val=00
STORE (3,3) | Reg 3
[TB] OUTPUT PIXEL: addr=60  val=f0
Simulation completed.
$finish called at time : 12805 ns : File "/home/gary/Individual_Project/sim/KernelTest_tb.sv" Line 215
relaunch_sim
Command: launch_simulation -step compile -simset sim_1 -mode behavioral
INFO: [Vivado 12-12493] Simulation top is 'KernelTest_tb'
INFO: [Vivado 12-5682] Launching behavioral simulation in '/home/gary/Individual_Project_Vivado/Individual_Project_Vivado.sim/sim_1/behav/xsim'
INFO: [SIM-utils-51] Simulation object is 'sim_1'
INFO: [USF-XSim-2] XSim::Compile design
INFO: [USF-XSim-61] Executing 'COMPILE and ANALYZE' step in '/home/gary/Individual_Project_Vivado/Individual_Project_Vivado.sim/sim_1/behav/xsim'
xvlog --incr --relax -L uvm -prj KernelTest_tb_vlog.prj
Waiting for jobs to finish...
No pending jobs, compilation finished.
INFO: [USF-XSim-69] 'compile' step finished in '1' seconds
Command: launch_simulation -step elaborate -simset sim_1 -mode behavioral
INFO: [Vivado 12-12493] Simulation top is 'KernelTest_tb'
INFO: [Vivado 12-5682] Launching behavioral simulation in '/home/gary/Individual_Project_Vivado/Individual_Project_Vivado.sim/sim_1/behav/xsim'
INFO: [SIM-utils-51] Simulation object is 'sim_1'
INFO: [USF-XSim-3] XSim::Elaborate design
INFO: [USF-XSim-61] Executing 'ELABORATE' step in '/home/gary/Individual_Project_Vivado/Individual_Project_Vivado.sim/sim_1/behav/xsim'
xelab --incr --debug typical --relax --mt 8 -L xil_defaultlib -L uvm -L unisims_ver -L unimacro_ver -L secureip --snapshot KernelTest_tb_behav xil_defaultlib.KernelTest_tb xil_defaultlib.glbl -log elaborate.log
Vivado Simulator v2025.1.0
Copyright 1986-2022 Xilinx, Inc. All Rights Reserved.
Copyright 2022-2025 Advanced Micro Devices, Inc. All Rights Reserved.
Running: /tools/Xilinx/2025.1/Vivado/bin/unwrapped/lnx64.o/xelab --incr --debug typical --relax --mt 8 -L xil_defaultlib -L uvm -L unisims_ver -L unimacro_ver -L secureip --snapshot KernelTest_tb_behav xil_defaultlib.KernelTest_tb xil_defaultlib.glbl -log elaborate.log 
Using 8 slave threads.
WARNING: [XSIM 43-3431] One or more environment variables have been detected which affect the operation of the C compiler. These are typically not set in standard installations and are not tested by AMD, however they may be appropriate for your system, so the flow will attempt to continue.  If errors occur, try running xelab with the "-mt off -v 1" switches to see more information from the C compiler. The following environment variables have been detected:
    LIBRARY_PATH
Starting static elaboration
Pass Through NonSizing Optimizer
WARNING: [VRFC 10-3091] actual bit length 2 differs from formal bit length 1 for port 'i_wb_sel' [/home/gary/Individual_Project/rtl/Top.sv:56]
WARNING: [VRFC 10-3091] actual bit length 5 differs from formal bit length 4 for port 'i_rd1_addr' [/home/gary/Individual_Project/rtl/Array_main.sv:98]
WARNING: [VRFC 10-3091] actual bit length 5 differs from formal bit length 4 for port 'i_rd2_addr' [/home/gary/Individual_Project/rtl/Array_main.sv:99]
WARNING: [VRFC 10-3091] actual bit length 5 differs from formal bit length 4 for port 'i_wr_addr' [/home/gary/Individual_Project/rtl/Array_main.sv:100]
WARNING: [VRFC 10-3091] actual bit length 2 differs from formal bit length 1 for port 'o_wb_sel' [/home/gary/Individual_Project/rtl/Top.sv:87]
WARNING: [VRFC 10-3818] variable 'array_data_in' is driven by invalid combination of procedural drivers [/home/gary/Individual_Project/sim/KernelTest_tb.sv:28]
WARNING: [VRFC 10-2921] 'array_data_in' driven by this always_ff block should not be driven by any other process [/home/gary/Individual_Project/sim/KernelTest_tb.sv:84]
Completed static elaboration
INFO: [XSIM 43-4323] No Change in HDL. Linking previously generated obj files to create kernel
INFO: [USF-XSim-69] 'elaborate' step finished in '2' seconds
Time resolution is 1 ps
[TB] Loading image from /home/gary/Individual_Project/img/4x4_input.hex
LOAD (0,0) | Reg 1
LOAD (0,1) | Reg 1
LOAD (0,2) | Reg 1
relaunch_sim: Time (s): cpu = 00:00:05 ; elapsed = 00:00:06 . Memory (MB): peak = 10451.699 ; gain = 0.000 ; free physical = 4238 ; free virtual = 12497
run 10 us
LOAD (0,3) | Reg 1
LOAD (1,0) | Reg 1
LOAD (1,1) | Reg 1
LOAD (1,2) | Reg 1
LOAD (1,3) | Reg 1
LOAD (2,0) | Reg 1
LOAD (2,1) | Reg 1
LOAD (2,2) | Reg 1
LOAD (2,3) | Reg 1
LOAD (3,0) | Reg 1
LOAD (3,1) | Reg 1
LOAD (3,2) | Reg 1
LOAD (3,3) | Reg 1
====================================
            B = A + A North         
====================================
Vector NEWS | Move image up and add with A| Store B into 2
====================================
            C = B + B South         
====================================
Vector NEWS | Move img down and add with B | Store C into 3
====================================
                C east              
====================================
Vector NEWS | Move reg 3 to the east | Store C into 4
====================================
                C west              
====================================
Vector NEWS | Move reg 3 to the west | Store C into 5
====================================
           C east - C west          
====================================
Vector Sub | Add rs6 <- rs4 - rs5
STORE (0,0) | Reg 3
[TB] OUTPUT PIXEL: addr=0  val=00
STORE (0,1) | Reg 3
[TB] OUTPUT PIXEL: addr=4  val=00
STORE (0,2) | Reg 3
[TB] OUTPUT PIXEL: addr=8  val=00
STORE (0,3) | Reg 3
[TB] OUTPUT PIXEL: addr=12  val=a0
STORE (1,0) | Reg 3
[TB] OUTPUT PIXEL: addr=16  val=00
STORE (1,1) | Reg 3
[TB] OUTPUT PIXEL: addr=20  val=00
STORE (1,2) | Reg 3
[TB] OUTPUT PIXEL: addr=24  val=00
STORE (1,3) | Reg 3
[TB] OUTPUT PIXEL: addr=28  val=ff
STORE (2,0) | Reg 3
[TB] OUTPUT PIXEL: addr=32  val=00
STORE (2,1) | Reg 3
[TB] OUTPUT PIXEL: addr=36  val=00
STORE (2,2) | Reg 3
run 10 us
[TB] OUTPUT PIXEL: addr=40  val=00
STORE (2,3) | Reg 3
[TB] OUTPUT PIXEL: addr=44  val=ff
STORE (3,0) | Reg 3
[TB] OUTPUT PIXEL: addr=48  val=00
STORE (3,1) | Reg 3
[TB] OUTPUT PIXEL: addr=52  val=00
STORE (3,2) | Reg 3
[TB] OUTPUT PIXEL: addr=56  val=00
STORE (3,3) | Reg 3
[TB] OUTPUT PIXEL: addr=60  val=f0
Simulation completed.
$finish called at time : 12805 ns : File "/home/gary/Individual_Project/sim/KernelTest_tb.sv" Line 215
